sample_index,y_true,y_score,y_pred,threshold,protocol
0,0,0.527536,0,0.595098,columbia_transfer
1,0,0.253192,0,0.595098,columbia_transfer
2,0,0.843275,1,0.595098,columbia_transfer
3,0,0.722446,1,0.595098,columbia_transfer
4,0,0.071407,0,0.595098,columbia_transfer
5,0,0.102445,0,0.595098,columbia_transfer
6,0,0.097806,0,0.595098,columbia_transfer
7,0,0.071634,0,0.595098,columbia_transfer
8,0,0.102451,0,0.595098,columbia_transfer
9,0,0.073396,0,0.595098,columbia_transfer
10,0,0.123465,0,0.595098,columbia_transfer
11,0,0.191268,0,0.595098,columbia_transfer
12,0,0.195207,0,0.595098,columbia_transfer
13,0,0.117142,0,0.595098,columbia_transfer
14,0,0.089709,0,0.595098,columbia_transfer
15,0,0.08955,0,0.595098,columbia_transfer
16,0,0.948601,1,0.595098,columbia_transfer
17,0,0.954173,1,0.595098,columbia_transfer
18,0,0.076081,0,0.595098,columbia_transfer
19,0,0.134729,0,0.595098,columbia_transfer
20,0,0.084103,0,0.595098,columbia_transfer
21,0,0.084452,0,0.595098,columbia_transfer
22,0,0.118975,0,0.595098,columbia_transfer
23,0,0.253192,0,0.595098,columbia_transfer
24,0,0.065289,0,0.595098,columbia_transfer
25,0,0.935017,1,0.595098,columbia_transfer
26,0,0.162805,0,0.595098,columbia_transfer
27,0,0.288674,0,0.595098,columbia_transfer
28,0,0.049616,0,0.595098,columbia_transfer
29,0,0.050966,0,0.595098,columbia_transfer
30,0,0.170164,0,0.595098,columbia_transfer
31,0,0.220126,0,0.595098,columbia_transfer
32,0,0.943069,1,0.595098,columbia_transfer
33,0,0.724831,1,0.595098,columbia_transfer
34,0,0.063283,0,0.595098,columbia_transfer
35,0,0.02952,0,0.595098,columbia_transfer
36,0,0.040948,0,0.595098,columbia_transfer
37,0,0.933963,1,0.595098,columbia_transfer
38,0,0.055117,0,0.595098,columbia_transfer
39,0,0.722446,1,0.595098,columbia_transfer
40,0,0.828864,1,0.595098,columbia_transfer
41,0,0.75366,1,0.595098,columbia_transfer
42,0,0.210694,0,0.595098,columbia_transfer
43,0,0.162389,0,0.595098,columbia_transfer
44,0,0.244412,0,0.595098,columbia_transfer
45,0,0.306266,0,0.595098,columbia_transfer
46,0,0.898898,1,0.595098,columbia_transfer
47,0,0.107613,0,0.595098,columbia_transfer
48,0,0.128579,0,0.595098,columbia_transfer
49,0,0.744058,1,0.595098,columbia_transfer
50,0,0.252495,0,0.595098,columbia_transfer
51,0,0.867307,1,0.595098,columbia_transfer
52,0,0.303256,0,0.595098,columbia_transfer
53,0,0.084452,0,0.595098,columbia_transfer
54,0,0.946372,1,0.595098,columbia_transfer
55,0,0.079079,0,0.595098,columbia_transfer
56,0,0.969956,1,0.595098,columbia_transfer
57,0,0.96517,1,0.595098,columbia_transfer
58,0,0.980705,1,0.595098,columbia_transfer
59,0,0.988669,1,0.595098,columbia_transfer
60,0,0.06724,0,0.595098,columbia_transfer
61,0,0.020127,0,0.595098,columbia_transfer
62,0,0.268281,0,0.595098,columbia_transfer
63,0,0.953847,1,0.595098,columbia_transfer
64,0,0.022997,0,0.595098,columbia_transfer
65,0,0.970604,1,0.595098,columbia_transfer
66,0,0.008764,0,0.595098,columbia_transfer
67,0,0.641481,1,0.595098,columbia_transfer
68,0,0.873029,1,0.595098,columbia_transfer
69,0,0.4719,0,0.595098,columbia_transfer
70,0,0.464861,0,0.595098,columbia_transfer
71,0,0.987852,1,0.595098,columbia_transfer
72,0,0.981734,1,0.595098,columbia_transfer
73,0,0.10474,0,0.595098,columbia_transfer
74,0,0.139646,0,0.595098,columbia_transfer
75,0,0.106345,0,0.595098,columbia_transfer
76,0,0.721899,1,0.595098,columbia_transfer
77,0,0.070994,0,0.595098,columbia_transfer
78,0,0.176881,0,0.595098,columbia_transfer
79,0,0.224404,0,0.595098,columbia_transfer
80,0,0.098054,0,0.595098,columbia_transfer
81,0,0.125023,0,0.595098,columbia_transfer
82,0,0.117743,0,0.595098,columbia_transfer
83,0,0.097048,0,0.595098,columbia_transfer
84,0,0.134756,0,0.595098,columbia_transfer
85,0,0.071695,0,0.595098,columbia_transfer
86,0,0.203349,0,0.595098,columbia_transfer
87,0,0.928271,1,0.595098,columbia_transfer
88,0,0.796676,1,0.595098,columbia_transfer
89,0,0.913595,1,0.595098,columbia_transfer
90,0,0.877613,1,0.595098,columbia_transfer
91,0,0.967761,1,0.595098,columbia_transfer
92,0,0.318795,0,0.595098,columbia_transfer
93,0,0.065118,0,0.595098,columbia_transfer
94,0,0.093806,0,0.595098,columbia_transfer
95,0,0.046296,0,0.595098,columbia_transfer
96,0,0.095764,0,0.595098,columbia_transfer
97,0,0.110924,0,0.595098,columbia_transfer
98,0,0.95211,1,0.595098,columbia_transfer
99,0,0.033164,0,0.595098,columbia_transfer
100,0,0.852113,1,0.595098,columbia_transfer
101,0,0.937033,1,0.595098,columbia_transfer
102,0,0.085188,0,0.595098,columbia_transfer
103,0,0.939415,1,0.595098,columbia_transfer
104,0,0.637495,1,0.595098,columbia_transfer
105,0,0.109542,0,0.595098,columbia_transfer
106,0,0.109542,0,0.595098,columbia_transfer
107,0,0.06474,0,0.595098,columbia_transfer
108,0,0.118671,0,0.595098,columbia_transfer
109,0,0.160919,0,0.595098,columbia_transfer
110,0,0.102604,0,0.595098,columbia_transfer
111,0,0.104292,0,0.595098,columbia_transfer
112,0,0.084729,0,0.595098,columbia_transfer
113,0,0.071736,0,0.595098,columbia_transfer
114,0,0.094758,0,0.595098,columbia_transfer
115,0,0.957991,1,0.595098,columbia_transfer
116,0,0.089968,0,0.595098,columbia_transfer
117,0,0.072234,0,0.595098,columbia_transfer
118,0,0.152957,0,0.595098,columbia_transfer
119,0,0.066953,0,0.595098,columbia_transfer
120,0,0.205885,0,0.595098,columbia_transfer
121,0,0.223641,0,0.595098,columbia_transfer
122,0,0.985529,1,0.595098,columbia_transfer
123,0,0.918061,1,0.595098,columbia_transfer
124,0,0.771872,1,0.595098,columbia_transfer
125,0,0.866232,1,0.595098,columbia_transfer
126,0,0.294251,0,0.595098,columbia_transfer
127,0,0.814389,1,0.595098,columbia_transfer
128,0,0.851144,1,0.595098,columbia_transfer
129,0,0.090344,0,0.595098,columbia_transfer
130,0,0.023136,0,0.595098,columbia_transfer
131,0,0.05362,0,0.595098,columbia_transfer
132,0,0.017669,0,0.595098,columbia_transfer
133,0,0.101546,0,0.595098,columbia_transfer
134,0,0.070607,0,0.595098,columbia_transfer
135,0,0.723726,1,0.595098,columbia_transfer
136,0,0.821116,1,0.595098,columbia_transfer
137,0,0.250662,0,0.595098,columbia_transfer
138,0,0.778516,1,0.595098,columbia_transfer
139,0,0.585887,0,0.595098,columbia_transfer
140,0,0.021317,0,0.595098,columbia_transfer
141,0,0.114959,0,0.595098,columbia_transfer
142,0,0.037711,0,0.595098,columbia_transfer
143,0,0.462276,0,0.595098,columbia_transfer
144,0,0.831643,1,0.595098,columbia_transfer
145,0,0.242973,0,0.595098,columbia_transfer
146,0,0.235682,0,0.595098,columbia_transfer
147,0,0.069894,0,0.595098,columbia_transfer
148,0,0.1122,0,0.595098,columbia_transfer
149,0,0.071108,0,0.595098,columbia_transfer
150,0,0.012347,0,0.595098,columbia_transfer
151,0,0.055541,0,0.595098,columbia_transfer
152,0,0.106844,0,0.595098,columbia_transfer
153,0,0.965029,1,0.595098,columbia_transfer
154,0,0.96147,1,0.595098,columbia_transfer
155,0,0.733079,1,0.595098,columbia_transfer
156,0,0.070938,0,0.595098,columbia_transfer
157,0,0.089905,0,0.595098,columbia_transfer
158,0,0.067656,0,0.595098,columbia_transfer
159,0,0.594309,0,0.595098,columbia_transfer
160,0,0.067393,0,0.595098,columbia_transfer
161,0,0.256222,0,0.595098,columbia_transfer
162,0,0.093374,0,0.595098,columbia_transfer
163,0,0.107563,0,0.595098,columbia_transfer
164,0,0.184817,0,0.595098,columbia_transfer
165,0,0.150542,0,0.595098,columbia_transfer
166,0,0.157843,0,0.595098,columbia_transfer
167,0,0.142772,0,0.595098,columbia_transfer
168,0,0.092945,0,0.595098,columbia_transfer
169,0,0.092235,0,0.595098,columbia_transfer
170,0,0.985529,1,0.595098,columbia_transfer
171,0,0.158891,0,0.595098,columbia_transfer
172,0,0.086254,0,0.595098,columbia_transfer
173,0,0.134945,0,0.595098,columbia_transfer
174,0,0.269595,0,0.595098,columbia_transfer
175,0,0.118564,0,0.595098,columbia_transfer
176,0,0.091149,0,0.595098,columbia_transfer
177,0,0.067504,0,0.595098,columbia_transfer
178,0,0.985161,1,0.595098,columbia_transfer
179,0,0.866232,1,0.595098,columbia_transfer
180,0,0.66499,1,0.595098,columbia_transfer
181,0,0.719858,1,0.595098,columbia_transfer
182,0,0.926755,1,0.595098,columbia_transfer
183,0,0.967923,1,0.595098,columbia_transfer
184,0,0.891405,1,0.595098,columbia_transfer
185,0,0.79651,1,0.595098,columbia_transfer
186,0,0.127104,0,0.595098,columbia_transfer
187,0,0.077527,0,0.595098,columbia_transfer
188,0,0.052285,0,0.595098,columbia_transfer
189,0,0.935042,1,0.595098,columbia_transfer
190,0,0.986279,1,0.595098,columbia_transfer
191,0,0.769832,1,0.595098,columbia_transfer
192,0,0.79651,1,0.595098,columbia_transfer
193,0,0.921874,1,0.595098,columbia_transfer
194,0,0.060584,0,0.595098,columbia_transfer
195,0,0.062224,0,0.595098,columbia_transfer
196,0,0.375485,0,0.595098,columbia_transfer
197,0,0.080612,0,0.595098,columbia_transfer
198,0,0.921285,1,0.595098,columbia_transfer
199,0,0.601755,1,0.595098,columbia_transfer
200,0,0.859071,1,0.595098,columbia_transfer
201,0,0.700738,1,0.595098,columbia_transfer
202,0,0.981662,1,0.595098,columbia_transfer
203,0,0.862185,1,0.595098,columbia_transfer
204,0,0.142037,0,0.595098,columbia_transfer
205,0,0.183512,0,0.595098,columbia_transfer
206,0,0.27283,0,0.595098,columbia_transfer
207,0,0.043049,0,0.595098,columbia_transfer
208,0,0.18909,0,0.595098,columbia_transfer
209,0,0.052026,0,0.595098,columbia_transfer
210,0,0.073023,0,0.595098,columbia_transfer
211,0,0.488493,0,0.595098,columbia_transfer
212,0,0.080863,0,0.595098,columbia_transfer
213,0,0.696705,1,0.595098,columbia_transfer
214,0,0.957267,1,0.595098,columbia_transfer
215,0,0.85988,1,0.595098,columbia_transfer
216,0,0.96923,1,0.595098,columbia_transfer
217,0,0.597853,1,0.595098,columbia_transfer
218,0,0.909608,1,0.595098,columbia_transfer
219,0,0.337859,0,0.595098,columbia_transfer
220,0,0.461329,0,0.595098,columbia_transfer
221,0,0.049986,0,0.595098,columbia_transfer
222,0,0.225515,0,0.595098,columbia_transfer
223,0,0.02316,0,0.595098,columbia_transfer
224,0,0.016727,0,0.595098,columbia_transfer
225,0,0.004277,0,0.595098,columbia_transfer
226,0,0.012328,0,0.595098,columbia_transfer
227,0,0.037727,0,0.595098,columbia_transfer
228,0,0.025973,0,0.595098,columbia_transfer
229,0,0.009485,0,0.595098,columbia_transfer
230,0,0.039857,0,0.595098,columbia_transfer
231,0,0.772645,1,0.595098,columbia_transfer
232,0,0.034928,0,0.595098,columbia_transfer
233,0,0.013563,0,0.595098,columbia_transfer
234,0,0.012028,0,0.595098,columbia_transfer
235,0,0.066505,0,0.595098,columbia_transfer
236,0,0.135419,0,0.595098,columbia_transfer
237,0,0.061031,0,0.595098,columbia_transfer
238,0,0.031471,0,0.595098,columbia_transfer
239,0,0.00865,0,0.595098,columbia_transfer
240,0,0.017937,0,0.595098,columbia_transfer
241,0,0.665395,1,0.595098,columbia_transfer
242,0,0.851648,1,0.595098,columbia_transfer
243,0,0.803666,1,0.595098,columbia_transfer
244,0,0.73061,1,0.595098,columbia_transfer
245,0,0.665798,1,0.595098,columbia_transfer
246,0,0.769209,1,0.595098,columbia_transfer
247,0,0.316897,0,0.595098,columbia_transfer
248,0,0.809631,1,0.595098,columbia_transfer
249,0,0.714189,1,0.595098,columbia_transfer
250,0,0.132763,0,0.595098,columbia_transfer
251,0,0.098238,0,0.595098,columbia_transfer
252,0,0.113088,0,0.595098,columbia_transfer
253,0,0.015522,0,0.595098,columbia_transfer
254,0,0.023749,0,0.595098,columbia_transfer
255,0,0.021413,0,0.595098,columbia_transfer
256,0,0.098592,0,0.595098,columbia_transfer
257,0,0.639754,1,0.595098,columbia_transfer
258,0,0.096232,0,0.595098,columbia_transfer
259,0,0.002215,0,0.595098,columbia_transfer
260,0,0.005169,0,0.595098,columbia_transfer
261,0,0.005142,0,0.595098,columbia_transfer
262,0,0.004828,0,0.595098,columbia_transfer
263,0,0.025092,0,0.595098,columbia_transfer
264,0,0.19083,0,0.595098,columbia_transfer
265,0,0.87231,1,0.595098,columbia_transfer
266,0,0.895238,1,0.595098,columbia_transfer
267,0,0.810084,1,0.595098,columbia_transfer
268,0,0.394947,0,0.595098,columbia_transfer
269,0,0.597659,1,0.595098,columbia_transfer
270,0,0.068498,0,0.595098,columbia_transfer
271,0,0.075523,0,0.595098,columbia_transfer
272,0,0.111795,0,0.595098,columbia_transfer
273,0,0.006423,0,0.595098,columbia_transfer
274,0,0.036648,0,0.595098,columbia_transfer
275,0,0.013242,0,0.595098,columbia_transfer
276,0,0.032694,0,0.595098,columbia_transfer
277,0,0.106624,0,0.595098,columbia_transfer
278,0,0.123794,0,0.595098,columbia_transfer
279,0,0.63801,1,0.595098,columbia_transfer
280,0,0.121906,0,0.595098,columbia_transfer
281,0,0.249402,0,0.595098,columbia_transfer
282,0,0.304447,0,0.595098,columbia_transfer
283,0,0.077209,0,0.595098,columbia_transfer
284,0,0.092609,0,0.595098,columbia_transfer
285,0,0.024025,0,0.595098,columbia_transfer
286,0,0.078016,0,0.595098,columbia_transfer
287,0,0.137801,0,0.595098,columbia_transfer
288,0,0.1522,0,0.595098,columbia_transfer
289,0,0.062504,0,0.595098,columbia_transfer
290,0,0.364688,0,0.595098,columbia_transfer
291,0,0.089816,0,0.595098,columbia_transfer
292,0,0.081731,0,0.595098,columbia_transfer
293,0,0.046542,0,0.595098,columbia_transfer
294,0,0.074079,0,0.595098,columbia_transfer
295,0,0.094198,0,0.595098,columbia_transfer
296,0,0.020417,0,0.595098,columbia_transfer
297,0,0.150925,0,0.595098,columbia_transfer
298,0,0.128998,0,0.595098,columbia_transfer
299,0,0.104396,0,0.595098,columbia_transfer
300,0,0.027291,0,0.595098,columbia_transfer
301,0,0.961387,1,0.595098,columbia_transfer
302,0,0.109335,0,0.595098,columbia_transfer
303,0,0.075024,0,0.595098,columbia_transfer
304,0,0.094271,0,0.595098,columbia_transfer
305,0,0.147973,0,0.595098,columbia_transfer
306,0,0.067578,0,0.595098,columbia_transfer
307,0,0.026865,0,0.595098,columbia_transfer
308,0,0.075406,0,0.595098,columbia_transfer
309,0,0.075925,0,0.595098,columbia_transfer
310,0,0.141861,0,0.595098,columbia_transfer
311,0,0.467262,0,0.595098,columbia_transfer
312,0,0.957807,1,0.595098,columbia_transfer
313,0,0.113418,0,0.595098,columbia_transfer
314,0,0.070597,0,0.595098,columbia_transfer
315,0,0.032428,0,0.595098,columbia_transfer
316,0,0.046366,0,0.595098,columbia_transfer
317,0,0.022234,0,0.595098,columbia_transfer
318,0,0.070082,0,0.595098,columbia_transfer
319,0,0.146481,0,0.595098,columbia_transfer
320,0,0.016392,0,0.595098,columbia_transfer
321,0,0.041554,0,0.595098,columbia_transfer
322,0,0.05837,0,0.595098,columbia_transfer
323,0,0.804853,1,0.595098,columbia_transfer
324,0,0.068082,0,0.595098,columbia_transfer
325,0,0.776594,1,0.595098,columbia_transfer
326,0,0.471796,0,0.595098,columbia_transfer
327,0,0.520112,0,0.595098,columbia_transfer
328,0,0.498593,0,0.595098,columbia_transfer
329,0,0.019024,0,0.595098,columbia_transfer
330,0,0.242301,0,0.595098,columbia_transfer
331,0,0.04313,0,0.595098,columbia_transfer
332,0,0.024449,0,0.595098,columbia_transfer
333,0,0.007921,0,0.595098,columbia_transfer
334,0,0.963724,1,0.595098,columbia_transfer
335,0,0.014375,0,0.595098,columbia_transfer
336,0,0.003915,0,0.595098,columbia_transfer
337,0,0.111967,0,0.595098,columbia_transfer
338,0,0.029931,0,0.595098,columbia_transfer
339,0,0.072332,0,0.595098,columbia_transfer
340,0,0.025213,0,0.595098,columbia_transfer
341,0,0.045467,0,0.595098,columbia_transfer
342,0,0.007238,0,0.595098,columbia_transfer
343,0,0.024272,0,0.595098,columbia_transfer
344,0,0.014667,0,0.595098,columbia_transfer
345,0,0.371871,0,0.595098,columbia_transfer
346,0,0.018415,0,0.595098,columbia_transfer
347,0,0.428483,0,0.595098,columbia_transfer
348,0,0.903609,1,0.595098,columbia_transfer
349,0,0.1229,0,0.595098,columbia_transfer
350,0,0.148666,0,0.595098,columbia_transfer
351,0,0.138232,0,0.595098,columbia_transfer
352,0,0.978152,1,0.595098,columbia_transfer
353,0,0.293182,0,0.595098,columbia_transfer
354,0,0.170109,0,0.595098,columbia_transfer
355,0,0.136787,0,0.595098,columbia_transfer
356,0,0.111683,0,0.595098,columbia_transfer
357,0,0.897499,1,0.595098,columbia_transfer
358,0,0.650172,1,0.595098,columbia_transfer
359,0,0.585294,0,0.595098,columbia_transfer
360,0,0.797038,1,0.595098,columbia_transfer
361,0,0.627802,1,0.595098,columbia_transfer
362,0,0.953384,1,0.595098,columbia_transfer
363,0,0.977935,1,0.595098,columbia_transfer
364,0,0.734673,1,0.595098,columbia_transfer
365,0,0.518031,0,0.595098,columbia_transfer
366,0,0.945809,1,0.595098,columbia_transfer
367,0,0.505297,0,0.595098,columbia_transfer
368,0,0.042395,0,0.595098,columbia_transfer
369,0,0.759277,1,0.595098,columbia_transfer
370,0,0.807342,1,0.595098,columbia_transfer
371,0,0.126816,0,0.595098,columbia_transfer
372,0,0.177274,0,0.595098,columbia_transfer
373,0,0.166941,0,0.595098,columbia_transfer
374,0,0.100607,0,0.595098,columbia_transfer
375,0,0.063291,0,0.595098,columbia_transfer
376,0,0.054589,0,0.595098,columbia_transfer
377,0,0.04037,0,0.595098,columbia_transfer
378,0,0.158736,0,0.595098,columbia_transfer
379,0,0.440721,0,0.595098,columbia_transfer
380,0,0.024618,0,0.595098,columbia_transfer
381,0,0.033399,0,0.595098,columbia_transfer
382,0,0.93703,1,0.595098,columbia_transfer
383,0,0.975886,1,0.595098,columbia_transfer
384,0,0.022027,0,0.595098,columbia_transfer
385,0,0.010499,0,0.595098,columbia_transfer
386,0,0.01271,0,0.595098,columbia_transfer
387,0,0.060723,0,0.595098,columbia_transfer
388,0,0.018415,0,0.595098,columbia_transfer
389,0,0.127994,0,0.595098,columbia_transfer
390,0,0.030965,0,0.595098,columbia_transfer
391,0,0.081669,0,0.595098,columbia_transfer
392,0,0.162236,0,0.595098,columbia_transfer
393,0,0.041916,0,0.595098,columbia_transfer
394,0,0.022629,0,0.595098,columbia_transfer
395,0,0.080431,0,0.595098,columbia_transfer
396,0,0.067517,0,0.595098,columbia_transfer
397,0,0.059374,0,0.595098,columbia_transfer
398,0,0.102276,0,0.595098,columbia_transfer
399,0,0.092668,0,0.595098,columbia_transfer
400,0,0.170392,0,0.595098,columbia_transfer
401,0,0.069105,0,0.595098,columbia_transfer
402,0,0.09072,0,0.595098,columbia_transfer
403,0,0.035806,0,0.595098,columbia_transfer
404,0,0.030635,0,0.595098,columbia_transfer
405,0,0.908261,1,0.595098,columbia_transfer
406,0,0.834682,1,0.595098,columbia_transfer
407,0,0.04971,0,0.595098,columbia_transfer
408,0,0.118205,0,0.595098,columbia_transfer
409,0,0.120666,0,0.595098,columbia_transfer
410,0,0.063687,0,0.595098,columbia_transfer
411,0,0.074539,0,0.595098,columbia_transfer
412,0,0.062579,0,0.595098,columbia_transfer
413,0,0.035676,0,0.595098,columbia_transfer
414,0,0.094197,0,0.595098,columbia_transfer
415,0,0.445512,0,0.595098,columbia_transfer
416,0,0.228321,0,0.595098,columbia_transfer
417,0,0.118513,0,0.595098,columbia_transfer
418,0,0.097305,0,0.595098,columbia_transfer
419,0,0.034016,0,0.595098,columbia_transfer
420,0,0.122386,0,0.595098,columbia_transfer
421,0,0.152515,0,0.595098,columbia_transfer
422,0,0.968897,1,0.595098,columbia_transfer
423,0,0.23785,0,0.595098,columbia_transfer
424,0,0.090329,0,0.595098,columbia_transfer
425,0,0.116652,0,0.595098,columbia_transfer
426,0,0.197812,0,0.595098,columbia_transfer
427,0,0.73168,1,0.595098,columbia_transfer
428,0,0.92605,1,0.595098,columbia_transfer
429,0,0.033218,0,0.595098,columbia_transfer
430,0,0.084802,0,0.595098,columbia_transfer
431,0,0.028866,0,0.595098,columbia_transfer
432,0,0.013418,0,0.595098,columbia_transfer
433,0,0.010499,0,0.595098,columbia_transfer
434,0,0.004314,0,0.595098,columbia_transfer
435,0,0.002322,0,0.595098,columbia_transfer
436,0,0.002825,0,0.595098,columbia_transfer
437,0,0.025979,0,0.595098,columbia_transfer
438,0,0.063578,0,0.595098,columbia_transfer
439,0,0.938375,1,0.595098,columbia_transfer
440,0,0.982706,1,0.595098,columbia_transfer
441,0,0.446837,0,0.595098,columbia_transfer
442,0,0.976623,1,0.595098,columbia_transfer
443,0,0.890627,1,0.595098,columbia_transfer
444,0,0.01271,0,0.595098,columbia_transfer
445,0,0.989508,1,0.595098,columbia_transfer
446,0,0.939254,1,0.595098,columbia_transfer
447,0,0.96152,1,0.595098,columbia_transfer
448,0,0.964607,1,0.595098,columbia_transfer
449,0,0.932085,1,0.595098,columbia_transfer
450,0,0.618681,1,0.595098,columbia_transfer
451,0,0.112234,0,0.595098,columbia_transfer
452,0,0.050208,0,0.595098,columbia_transfer
453,0,0.152931,0,0.595098,columbia_transfer
454,0,0.085636,0,0.595098,columbia_transfer
455,0,0.060723,0,0.595098,columbia_transfer
456,0,0.236636,0,0.595098,columbia_transfer
457,0,0.144761,0,0.595098,columbia_transfer
458,0,0.094129,0,0.595098,columbia_transfer
459,0,0.066915,0,0.595098,columbia_transfer
460,0,0.954987,1,0.595098,columbia_transfer
461,0,0.956252,1,0.595098,columbia_transfer
462,0,0.939512,1,0.595098,columbia_transfer
463,0,0.143196,0,0.595098,columbia_transfer
464,0,0.342129,0,0.595098,columbia_transfer
465,0,0.825103,1,0.595098,columbia_transfer
466,0,0.961079,1,0.595098,columbia_transfer
467,0,0.173525,0,0.595098,columbia_transfer
468,0,0.543264,0,0.595098,columbia_transfer
469,0,0.620957,1,0.595098,columbia_transfer
470,0,0.041455,0,0.595098,columbia_transfer
471,0,0.197502,0,0.595098,columbia_transfer
472,0,0.163895,0,0.595098,columbia_transfer
473,0,0.096438,0,0.595098,columbia_transfer
474,0,0.107627,0,0.595098,columbia_transfer
475,0,0.099975,0,0.595098,columbia_transfer
476,0,0.019035,0,0.595098,columbia_transfer
477,0,0.080591,0,0.595098,columbia_transfer
478,0,0.193635,0,0.595098,columbia_transfer
479,0,0.110039,0,0.595098,columbia_transfer
480,0,0.021759,0,0.595098,columbia_transfer
481,0,0.034554,0,0.595098,columbia_transfer
482,0,0.903182,1,0.595098,columbia_transfer
483,0,0.737116,1,0.595098,columbia_transfer
484,0,0.538783,0,0.595098,columbia_transfer
485,0,0.861926,1,0.595098,columbia_transfer
486,0,0.669444,1,0.595098,columbia_transfer
487,0,0.625853,1,0.595098,columbia_transfer
488,0,0.904462,1,0.595098,columbia_transfer
489,0,0.846594,1,0.595098,columbia_transfer
490,0,0.882228,1,0.595098,columbia_transfer
491,0,0.070256,0,0.595098,columbia_transfer
492,0,0.050197,0,0.595098,columbia_transfer
493,0,0.023251,0,0.595098,columbia_transfer
494,0,0.038242,0,0.595098,columbia_transfer
495,0,0.051398,0,0.595098,columbia_transfer
496,0,0.052592,0,0.595098,columbia_transfer
497,0,0.041788,0,0.595098,columbia_transfer
498,0,0.066349,0,0.595098,columbia_transfer
499,0,0.019469,0,0.595098,columbia_transfer
500,0,0.83799,1,0.595098,columbia_transfer
501,0,0.013778,0,0.595098,columbia_transfer
502,0,0.027284,0,0.595098,columbia_transfer
503,0,0.820082,1,0.595098,columbia_transfer
504,0,0.986839,1,0.595098,columbia_transfer
505,0,0.773149,1,0.595098,columbia_transfer
506,0,0.475233,0,0.595098,columbia_transfer
507,0,0.941213,1,0.595098,columbia_transfer
508,0,0.00928,0,0.595098,columbia_transfer
509,0,0.106305,0,0.595098,columbia_transfer
510,0,0.115173,0,0.595098,columbia_transfer
511,0,0.958557,1,0.595098,columbia_transfer
512,0,0.155177,0,0.595098,columbia_transfer
513,0,0.107606,0,0.595098,columbia_transfer
514,0,0.192137,0,0.595098,columbia_transfer
515,0,0.151468,0,0.595098,columbia_transfer
516,0,0.241357,0,0.595098,columbia_transfer
517,0,0.099844,0,0.595098,columbia_transfer
518,0,0.961365,1,0.595098,columbia_transfer
519,0,0.372126,0,0.595098,columbia_transfer
520,0,0.065516,0,0.595098,columbia_transfer
521,0,0.727979,1,0.595098,columbia_transfer
522,0,0.07229,0,0.595098,columbia_transfer
523,0,0.106286,0,0.595098,columbia_transfer
524,0,0.065319,0,0.595098,columbia_transfer
525,0,0.992104,1,0.595098,columbia_transfer
526,0,0.138719,0,0.595098,columbia_transfer
527,0,0.293303,0,0.595098,columbia_transfer
528,0,0.183655,0,0.595098,columbia_transfer
529,0,0.648026,1,0.595098,columbia_transfer
530,0,0.233696,0,0.595098,columbia_transfer
531,0,0.192357,0,0.595098,columbia_transfer
532,0,0.207923,0,0.595098,columbia_transfer
533,0,0.659987,1,0.595098,columbia_transfer
534,0,0.348304,0,0.595098,columbia_transfer
535,0,0.26801,0,0.595098,columbia_transfer
536,0,0.585222,0,0.595098,columbia_transfer
537,0,0.201176,0,0.595098,columbia_transfer
538,0,0.7728,1,0.595098,columbia_transfer
539,0,0.53012,0,0.595098,columbia_transfer
540,0,0.911357,1,0.595098,columbia_transfer
541,0,0.71819,1,0.595098,columbia_transfer
542,0,0.981299,1,0.595098,columbia_transfer
543,0,0.836838,1,0.595098,columbia_transfer
544,0,0.086293,0,0.595098,columbia_transfer
545,0,0.909979,1,0.595098,columbia_transfer
546,0,0.970334,1,0.595098,columbia_transfer
547,0,0.954806,1,0.595098,columbia_transfer
548,0,0.950322,1,0.595098,columbia_transfer
549,0,0.954924,1,0.595098,columbia_transfer
550,0,0.617452,1,0.595098,columbia_transfer
551,0,0.507295,0,0.595098,columbia_transfer
552,0,0.965901,1,0.595098,columbia_transfer
553,0,0.980108,1,0.595098,columbia_transfer
554,0,0.761504,1,0.595098,columbia_transfer
555,0,0.049529,0,0.595098,columbia_transfer
556,0,0.875542,1,0.595098,columbia_transfer
557,0,0.991539,1,0.595098,columbia_transfer
558,0,0.775535,1,0.595098,columbia_transfer
559,0,0.831551,1,0.595098,columbia_transfer
560,0,0.695819,1,0.595098,columbia_transfer
561,0,0.148437,0,0.595098,columbia_transfer
562,0,0.300036,0,0.595098,columbia_transfer
563,0,0.712482,1,0.595098,columbia_transfer
564,0,0.887325,1,0.595098,columbia_transfer
565,0,0.053984,0,0.595098,columbia_transfer
566,0,0.008295,0,0.595098,columbia_transfer
567,0,0.125389,0,0.595098,columbia_transfer
568,0,0.037027,0,0.595098,columbia_transfer
569,0,0.057275,0,0.595098,columbia_transfer
570,0,0.207235,0,0.595098,columbia_transfer
571,0,0.068846,0,0.595098,columbia_transfer
572,0,0.045305,0,0.595098,columbia_transfer
573,0,0.051645,0,0.595098,columbia_transfer
574,0,0.047696,0,0.595098,columbia_transfer
575,0,0.087799,0,0.595098,columbia_transfer
576,0,0.08946,0,0.595098,columbia_transfer
577,0,0.011088,0,0.595098,columbia_transfer
578,0,0.124468,0,0.595098,columbia_transfer
579,0,0.035114,0,0.595098,columbia_transfer
580,0,0.199012,0,0.595098,columbia_transfer
581,0,0.10209,0,0.595098,columbia_transfer
582,0,0.056506,0,0.595098,columbia_transfer
583,0,0.029101,0,0.595098,columbia_transfer
584,0,0.023324,0,0.595098,columbia_transfer
585,0,0.052726,0,0.595098,columbia_transfer
586,0,0.122038,0,0.595098,columbia_transfer
587,0,0.033723,0,0.595098,columbia_transfer
588,0,0.034552,0,0.595098,columbia_transfer
589,0,0.05343,0,0.595098,columbia_transfer
590,0,0.076048,0,0.595098,columbia_transfer
591,0,0.070341,0,0.595098,columbia_transfer
592,0,0.022001,0,0.595098,columbia_transfer
593,0,0.086571,0,0.595098,columbia_transfer
594,0,0.06252,0,0.595098,columbia_transfer
595,0,0.955909,1,0.595098,columbia_transfer
596,0,0.058329,0,0.595098,columbia_transfer
597,0,0.033976,0,0.595098,columbia_transfer
598,0,0.07229,0,0.595098,columbia_transfer
599,0,0.02951,0,0.595098,columbia_transfer
600,0,0.039972,0,0.595098,columbia_transfer
601,0,0.022777,0,0.595098,columbia_transfer
602,0,0.104082,0,0.595098,columbia_transfer
603,0,0.11993,0,0.595098,columbia_transfer
604,0,0.152331,0,0.595098,columbia_transfer
605,0,0.017087,0,0.595098,columbia_transfer
606,0,0.055913,0,0.595098,columbia_transfer
607,0,0.029153,0,0.595098,columbia_transfer
608,0,0.014419,0,0.595098,columbia_transfer
609,0,0.045359,0,0.595098,columbia_transfer
610,0,0.616363,1,0.595098,columbia_transfer
611,0,0.016045,0,0.595098,columbia_transfer
612,0,0.050119,0,0.595098,columbia_transfer
613,0,0.024345,0,0.595098,columbia_transfer
614,0,0.012607,0,0.595098,columbia_transfer
615,0,0.121961,0,0.595098,columbia_transfer
616,0,0.131075,0,0.595098,columbia_transfer
617,0,0.137084,0,0.595098,columbia_transfer
618,0,0.065211,0,0.595098,columbia_transfer
619,0,0.065821,0,0.595098,columbia_transfer
620,0,0.069355,0,0.595098,columbia_transfer
621,0,0.086367,0,0.595098,columbia_transfer
622,0,0.026953,0,0.595098,columbia_transfer
623,0,0.016614,0,0.595098,columbia_transfer
624,0,0.024415,0,0.595098,columbia_transfer
625,0,0.052947,0,0.595098,columbia_transfer
626,0,0.243479,0,0.595098,columbia_transfer
627,0,0.004409,0,0.595098,columbia_transfer
628,0,0.073669,0,0.595098,columbia_transfer
629,0,0.00461,0,0.595098,columbia_transfer
630,0,0.68248,1,0.595098,columbia_transfer
631,0,0.61273,1,0.595098,columbia_transfer
632,0,0.102426,0,0.595098,columbia_transfer
633,0,0.656115,1,0.595098,columbia_transfer
634,0,0.852972,1,0.595098,columbia_transfer
635,0,0.109345,0,0.595098,columbia_transfer
636,0,0.012355,0,0.595098,columbia_transfer
637,0,0.144102,0,0.595098,columbia_transfer
638,0,0.084071,0,0.595098,columbia_transfer
639,0,0.165265,0,0.595098,columbia_transfer
640,0,0.149372,0,0.595098,columbia_transfer
641,0,0.074236,0,0.595098,columbia_transfer
642,0,0.04954,0,0.595098,columbia_transfer
643,0,0.154234,0,0.595098,columbia_transfer
644,0,0.065825,0,0.595098,columbia_transfer
645,0,0.048974,0,0.595098,columbia_transfer
646,0,0.079277,0,0.595098,columbia_transfer
647,0,0.074004,0,0.595098,columbia_transfer
648,0,0.098491,0,0.595098,columbia_transfer
649,0,0.115684,0,0.595098,columbia_transfer
650,0,0.146783,0,0.595098,columbia_transfer
651,0,0.215328,0,0.595098,columbia_transfer
652,0,0.473417,0,0.595098,columbia_transfer
653,0,0.364364,0,0.595098,columbia_transfer
654,0,0.666683,1,0.595098,columbia_transfer
655,0,0.044249,0,0.595098,columbia_transfer
656,0,0.03451,0,0.595098,columbia_transfer
657,0,0.070873,0,0.595098,columbia_transfer
658,0,0.022572,0,0.595098,columbia_transfer
659,0,0.049379,0,0.595098,columbia_transfer
660,0,0.185581,0,0.595098,columbia_transfer
661,0,0.042442,0,0.595098,columbia_transfer
662,0,0.062472,0,0.595098,columbia_transfer
663,0,0.292272,0,0.595098,columbia_transfer
664,0,0.062837,0,0.595098,columbia_transfer
665,0,0.011497,0,0.595098,columbia_transfer
666,0,0.912515,1,0.595098,columbia_transfer
667,0,0.079876,0,0.595098,columbia_transfer
668,0,0.038778,0,0.595098,columbia_transfer
669,0,0.108185,0,0.595098,columbia_transfer
670,0,0.065714,0,0.595098,columbia_transfer
671,0,0.094579,0,0.595098,columbia_transfer
672,0,0.143984,0,0.595098,columbia_transfer
673,0,0.151128,0,0.595098,columbia_transfer
674,0,0.16275,0,0.595098,columbia_transfer
675,0,0.117976,0,0.595098,columbia_transfer
676,0,0.024996,0,0.595098,columbia_transfer
677,0,0.922404,1,0.595098,columbia_transfer
678,0,0.020553,0,0.595098,columbia_transfer
679,0,0.80925,1,0.595098,columbia_transfer
680,0,0.951153,1,0.595098,columbia_transfer
681,0,0.008017,0,0.595098,columbia_transfer
682,0,0.058192,0,0.595098,columbia_transfer
683,0,0.050335,0,0.595098,columbia_transfer
684,0,0.142724,0,0.595098,columbia_transfer
685,0,0.238859,0,0.595098,columbia_transfer
686,0,0.10307,0,0.595098,columbia_transfer
687,0,0.67458,1,0.595098,columbia_transfer
688,0,0.90139,1,0.595098,columbia_transfer
689,0,0.570385,0,0.595098,columbia_transfer
690,0,0.620231,1,0.595098,columbia_transfer
691,0,0.927492,1,0.595098,columbia_transfer
692,0,0.877616,1,0.595098,columbia_transfer
693,0,0.800633,1,0.595098,columbia_transfer
694,0,0.742967,1,0.595098,columbia_transfer
695,0,0.027832,0,0.595098,columbia_transfer
696,0,0.944269,1,0.595098,columbia_transfer
697,0,0.589383,0,0.595098,columbia_transfer
698,0,0.893656,1,0.595098,columbia_transfer
699,0,0.05948,0,0.595098,columbia_transfer
700,0,0.991265,1,0.595098,columbia_transfer
701,0,0.989391,1,0.595098,columbia_transfer
702,0,0.984505,1,0.595098,columbia_transfer
703,0,0.910182,1,0.595098,columbia_transfer
704,0,0.690329,1,0.595098,columbia_transfer
705,0,0.881753,1,0.595098,columbia_transfer
706,0,0.978391,1,0.595098,columbia_transfer
707,0,0.989062,1,0.595098,columbia_transfer
708,0,0.086177,0,0.595098,columbia_transfer
709,0,0.087843,0,0.595098,columbia_transfer
710,0,0.090115,0,0.595098,columbia_transfer
711,0,0.123544,0,0.595098,columbia_transfer
712,0,0.144572,0,0.595098,columbia_transfer
713,0,0.261949,0,0.595098,columbia_transfer
714,0,0.357156,0,0.595098,columbia_transfer
715,0,0.355054,0,0.595098,columbia_transfer
716,0,0.096975,0,0.595098,columbia_transfer
717,0,0.129096,0,0.595098,columbia_transfer
718,0,0.230959,0,0.595098,columbia_transfer
719,0,0.421089,0,0.595098,columbia_transfer
720,0,0.24035,0,0.595098,columbia_transfer
721,0,0.069928,0,0.595098,columbia_transfer
722,0,0.053369,0,0.595098,columbia_transfer
723,0,0.946119,1,0.595098,columbia_transfer
724,0,0.150407,0,0.595098,columbia_transfer
725,0,0.897736,1,0.595098,columbia_transfer
726,0,0.971463,1,0.595098,columbia_transfer
727,0,0.381972,0,0.595098,columbia_transfer
728,0,0.095265,0,0.595098,columbia_transfer
729,0,0.557871,0,0.595098,columbia_transfer
730,0,0.121319,0,0.595098,columbia_transfer
731,0,0.124146,0,0.595098,columbia_transfer
732,0,0.038565,0,0.595098,columbia_transfer
733,0,0.488555,0,0.595098,columbia_transfer
734,0,0.202653,0,0.595098,columbia_transfer
735,0,0.112297,0,0.595098,columbia_transfer
736,0,0.061734,0,0.595098,columbia_transfer
737,0,0.161548,0,0.595098,columbia_transfer
738,0,0.092196,0,0.595098,columbia_transfer
739,0,0.685478,1,0.595098,columbia_transfer
740,0,0.389472,0,0.595098,columbia_transfer
741,0,0.198989,0,0.595098,columbia_transfer
742,0,0.670582,1,0.595098,columbia_transfer
743,0,0.019708,0,0.595098,columbia_transfer
744,0,0.110612,0,0.595098,columbia_transfer
745,0,0.067804,0,0.595098,columbia_transfer
746,0,0.057981,0,0.595098,columbia_transfer
747,0,0.138559,0,0.595098,columbia_transfer
748,0,0.111677,0,0.595098,columbia_transfer
749,0,0.150455,0,0.595098,columbia_transfer
750,0,0.751838,1,0.595098,columbia_transfer
751,0,0.92974,1,0.595098,columbia_transfer
752,0,0.927172,1,0.595098,columbia_transfer
753,0,0.020573,0,0.595098,columbia_transfer
754,0,0.97175,1,0.595098,columbia_transfer
755,0,0.052064,0,0.595098,columbia_transfer
756,0,0.110046,0,0.595098,columbia_transfer
757,0,0.035548,0,0.595098,columbia_transfer
758,0,0.03084,0,0.595098,columbia_transfer
759,0,0.060771,0,0.595098,columbia_transfer
760,0,0.102078,0,0.595098,columbia_transfer
761,0,0.073052,0,0.595098,columbia_transfer
762,0,0.03829,0,0.595098,columbia_transfer
763,0,0.104611,0,0.595098,columbia_transfer
764,0,0.079606,0,0.595098,columbia_transfer
765,0,0.988893,1,0.595098,columbia_transfer
766,0,0.754175,1,0.595098,columbia_transfer
767,0,0.053736,0,0.595098,columbia_transfer
768,0,0.034224,0,0.595098,columbia_transfer
769,0,0.044408,0,0.595098,columbia_transfer
770,0,0.02981,0,0.595098,columbia_transfer
771,0,0.028846,0,0.595098,columbia_transfer
772,0,0.033786,0,0.595098,columbia_transfer
773,0,0.317768,0,0.595098,columbia_transfer
774,0,0.106598,0,0.595098,columbia_transfer
775,0,0.132868,0,0.595098,columbia_transfer
776,0,0.009608,0,0.595098,columbia_transfer
777,0,0.116385,0,0.595098,columbia_transfer
778,0,0.104912,0,0.595098,columbia_transfer
779,0,0.060698,0,0.595098,columbia_transfer
780,0,0.046437,0,0.595098,columbia_transfer
781,0,0.135312,0,0.595098,columbia_transfer
782,0,0.124268,0,0.595098,columbia_transfer
783,0,0.111268,0,0.595098,columbia_transfer
784,0,0.088985,0,0.595098,columbia_transfer
785,0,0.070073,0,0.595098,columbia_transfer
786,0,0.072789,0,0.595098,columbia_transfer
787,0,0.017483,0,0.595098,columbia_transfer
788,0,0.115185,0,0.595098,columbia_transfer
789,0,0.077285,0,0.595098,columbia_transfer
790,0,0.130696,0,0.595098,columbia_transfer
791,0,0.606402,1,0.595098,columbia_transfer
792,0,0.401208,0,0.595098,columbia_transfer
793,0,0.852465,1,0.595098,columbia_transfer
794,0,0.944583,1,0.595098,columbia_transfer
795,0,0.569281,0,0.595098,columbia_transfer
796,0,0.197563,0,0.595098,columbia_transfer
797,0,0.6723,1,0.595098,columbia_transfer
798,0,0.061977,0,0.595098,columbia_transfer
799,0,0.775496,1,0.595098,columbia_transfer
800,0,0.973455,1,0.595098,columbia_transfer
801,0,0.86669,1,0.595098,columbia_transfer
802,0,0.876139,1,0.595098,columbia_transfer
803,0,0.843831,1,0.595098,columbia_transfer
804,0,0.981561,1,0.595098,columbia_transfer
805,0,0.937519,1,0.595098,columbia_transfer
806,0,0.952435,1,0.595098,columbia_transfer
807,0,0.97709,1,0.595098,columbia_transfer
808,0,0.871068,1,0.595098,columbia_transfer
809,0,0.030007,0,0.595098,columbia_transfer
810,0,0.056222,0,0.595098,columbia_transfer
811,0,0.046134,0,0.595098,columbia_transfer
812,0,0.042369,0,0.595098,columbia_transfer
813,0,0.035406,0,0.595098,columbia_transfer
814,0,0.074021,0,0.595098,columbia_transfer
815,0,0.162556,0,0.595098,columbia_transfer
816,0,0.099486,0,0.595098,columbia_transfer
817,0,0.066218,0,0.595098,columbia_transfer
818,0,0.06067,0,0.595098,columbia_transfer
819,0,0.132735,0,0.595098,columbia_transfer
820,0,0.180292,0,0.595098,columbia_transfer
821,0,0.153198,0,0.595098,columbia_transfer
822,0,0.050317,0,0.595098,columbia_transfer
823,0,0.015406,0,0.595098,columbia_transfer
824,0,0.12173,0,0.595098,columbia_transfer
825,0,0.008968,0,0.595098,columbia_transfer
826,0,0.114663,0,0.595098,columbia_transfer
827,0,0.376692,0,0.595098,columbia_transfer
828,0,0.0576,0,0.595098,columbia_transfer
829,0,0.056815,0,0.595098,columbia_transfer
830,0,0.090619,0,0.595098,columbia_transfer
831,0,0.037133,0,0.595098,columbia_transfer
832,0,0.043143,0,0.595098,columbia_transfer
833,0,0.898625,1,0.595098,columbia_transfer
834,0,0.865081,1,0.595098,columbia_transfer
835,0,0.091717,0,0.595098,columbia_transfer
836,0,0.014066,0,0.595098,columbia_transfer
837,0,0.04916,0,0.595098,columbia_transfer
838,0,0.045202,0,0.595098,columbia_transfer
839,0,0.032369,0,0.595098,columbia_transfer
840,0,0.018139,0,0.595098,columbia_transfer
841,0,0.043081,0,0.595098,columbia_transfer
842,0,0.034498,0,0.595098,columbia_transfer
843,0,0.023161,0,0.595098,columbia_transfer
844,0,0.039986,0,0.595098,columbia_transfer
845,0,0.088733,0,0.595098,columbia_transfer
846,0,0.045158,0,0.595098,columbia_transfer
847,0,0.196408,0,0.595098,columbia_transfer
848,0,0.07345,0,0.595098,columbia_transfer
849,0,0.041348,0,0.595098,columbia_transfer
850,0,0.039057,0,0.595098,columbia_transfer
851,0,0.1127,0,0.595098,columbia_transfer
852,0,0.066668,0,0.595098,columbia_transfer
853,0,0.050937,0,0.595098,columbia_transfer
854,0,0.84475,1,0.595098,columbia_transfer
855,0,0.034006,0,0.595098,columbia_transfer
856,0,0.00988,0,0.595098,columbia_transfer
857,0,0.072175,0,0.595098,columbia_transfer
858,0,0.159989,0,0.595098,columbia_transfer
859,0,0.316872,0,0.595098,columbia_transfer
860,0,0.060219,0,0.595098,columbia_transfer
861,0,0.019988,0,0.595098,columbia_transfer
862,0,0.15223,0,0.595098,columbia_transfer
863,0,0.073603,0,0.595098,columbia_transfer
864,0,0.256953,0,0.595098,columbia_transfer
865,0,0.071307,0,0.595098,columbia_transfer
866,0,0.086166,0,0.595098,columbia_transfer
867,0,0.046806,0,0.595098,columbia_transfer
868,0,0.083005,0,0.595098,columbia_transfer
869,0,0.035917,0,0.595098,columbia_transfer
870,0,0.322405,0,0.595098,columbia_transfer
871,0,0.476731,0,0.595098,columbia_transfer
872,0,0.433265,0,0.595098,columbia_transfer
873,0,0.52334,0,0.595098,columbia_transfer
874,0,0.061357,0,0.595098,columbia_transfer
875,0,0.892019,1,0.595098,columbia_transfer
876,0,0.498189,0,0.595098,columbia_transfer
877,0,0.518955,0,0.595098,columbia_transfer
878,0,0.232401,0,0.595098,columbia_transfer
879,0,0.886872,1,0.595098,columbia_transfer
880,0,0.059803,0,0.595098,columbia_transfer
881,0,0.862347,1,0.595098,columbia_transfer
882,0,0.835364,1,0.595098,columbia_transfer
883,0,0.471182,0,0.595098,columbia_transfer
884,0,0.736907,1,0.595098,columbia_transfer
885,0,0.060229,0,0.595098,columbia_transfer
886,0,0.233278,0,0.595098,columbia_transfer
887,0,0.13287,0,0.595098,columbia_transfer
888,0,0.542336,0,0.595098,columbia_transfer
889,0,0.678011,1,0.595098,columbia_transfer
890,0,0.649717,1,0.595098,columbia_transfer
891,0,0.099679,0,0.595098,columbia_transfer
892,0,0.089358,0,0.595098,columbia_transfer
893,0,0.601522,1,0.595098,columbia_transfer
894,0,0.971993,1,0.595098,columbia_transfer
895,0,0.9843,1,0.595098,columbia_transfer
896,0,0.049534,0,0.595098,columbia_transfer
897,0,0.044047,0,0.595098,columbia_transfer
898,0,0.84988,1,0.595098,columbia_transfer
899,0,0.059814,0,0.595098,columbia_transfer
900,0,0.056107,0,0.595098,columbia_transfer
901,0,0.042103,0,0.595098,columbia_transfer
902,0,0.073577,0,0.595098,columbia_transfer
903,0,0.07247,0,0.595098,columbia_transfer
904,0,0.767709,1,0.595098,columbia_transfer
905,0,0.314424,0,0.595098,columbia_transfer
906,0,0.561379,0,0.595098,columbia_transfer
907,0,0.295344,0,0.595098,columbia_transfer
908,0,0.03548,0,0.595098,columbia_transfer
909,0,0.089028,0,0.595098,columbia_transfer
910,0,0.047094,0,0.595098,columbia_transfer
911,0,0.067304,0,0.595098,columbia_transfer
912,0,0.030108,0,0.595098,columbia_transfer
913,0,0.955323,1,0.595098,columbia_transfer
914,0,0.96528,1,0.595098,columbia_transfer
915,0,0.903906,1,0.595098,columbia_transfer
916,0,0.569316,0,0.595098,columbia_transfer
917,0,0.888391,1,0.595098,columbia_transfer
918,0,0.392916,0,0.595098,columbia_transfer
919,0,0.212101,0,0.595098,columbia_transfer
920,0,0.455487,0,0.595098,columbia_transfer
921,0,0.077317,0,0.595098,columbia_transfer
922,0,0.14486,0,0.595098,columbia_transfer
923,0,0.466516,0,0.595098,columbia_transfer
924,0,0.022266,0,0.595098,columbia_transfer
925,0,0.939778,1,0.595098,columbia_transfer
926,0,0.903414,1,0.595098,columbia_transfer
927,0,0.049862,0,0.595098,columbia_transfer
928,0,0.091027,0,0.595098,columbia_transfer
929,0,0.069046,0,0.595098,columbia_transfer
930,0,0.03603,0,0.595098,columbia_transfer
931,0,0.052543,0,0.595098,columbia_transfer
932,0,0.026186,0,0.595098,columbia_transfer
933,1,0.78189,1,0.595098,columbia_transfer
934,1,0.342557,0,0.595098,columbia_transfer
935,1,0.925948,1,0.595098,columbia_transfer
936,1,0.94237,1,0.595098,columbia_transfer
937,1,0.944663,1,0.595098,columbia_transfer
938,1,0.189196,0,0.595098,columbia_transfer
939,1,0.680331,1,0.595098,columbia_transfer
940,1,0.077327,0,0.595098,columbia_transfer
941,1,0.563918,0,0.595098,columbia_transfer
942,1,0.091554,0,0.595098,columbia_transfer
943,1,0.367402,0,0.595098,columbia_transfer
944,1,0.283475,0,0.595098,columbia_transfer
945,1,0.300154,0,0.595098,columbia_transfer
946,1,0.164124,0,0.595098,columbia_transfer
947,1,0.517875,0,0.595098,columbia_transfer
948,1,0.214595,0,0.595098,columbia_transfer
949,1,0.97711,1,0.595098,columbia_transfer
950,1,0.964918,1,0.595098,columbia_transfer
951,1,0.158255,0,0.595098,columbia_transfer
952,1,0.186247,0,0.595098,columbia_transfer
953,1,0.13395,0,0.595098,columbia_transfer
954,1,0.076641,0,0.595098,columbia_transfer
955,1,0.107203,0,0.595098,columbia_transfer
956,1,0.342557,0,0.595098,columbia_transfer
957,1,0.133308,0,0.595098,columbia_transfer
958,1,0.952704,1,0.595098,columbia_transfer
959,1,0.897723,1,0.595098,columbia_transfer
960,1,0.810456,1,0.595098,columbia_transfer
961,1,0.147955,0,0.595098,columbia_transfer
962,1,0.150992,0,0.595098,columbia_transfer
963,1,0.195437,0,0.595098,columbia_transfer
964,1,0.379216,0,0.595098,columbia_transfer
965,1,0.964369,1,0.595098,columbia_transfer
966,1,0.941227,1,0.595098,columbia_transfer
967,1,0.179866,0,0.595098,columbia_transfer
968,1,0.031055,0,0.595098,columbia_transfer
969,1,0.062282,0,0.595098,columbia_transfer
970,1,0.888313,1,0.595098,columbia_transfer
971,1,0.112511,0,0.595098,columbia_transfer
972,1,0.945795,1,0.595098,columbia_transfer
973,1,0.861404,1,0.595098,columbia_transfer
974,1,0.862306,1,0.595098,columbia_transfer
975,1,0.381426,0,0.595098,columbia_transfer
976,1,0.137331,0,0.595098,columbia_transfer
977,1,0.536735,0,0.595098,columbia_transfer
978,1,0.378407,0,0.595098,columbia_transfer
979,1,0.92385,1,0.595098,columbia_transfer
980,1,0.093222,0,0.595098,columbia_transfer
981,1,0.032859,0,0.595098,columbia_transfer
982,1,0.797279,1,0.595098,columbia_transfer
983,1,0.761285,1,0.595098,columbia_transfer
984,1,0.957344,1,0.595098,columbia_transfer
985,1,0.324568,0,0.595098,columbia_transfer
986,1,0.076641,0,0.595098,columbia_transfer
987,1,0.816661,1,0.595098,columbia_transfer
988,1,0.092577,0,0.595098,columbia_transfer
989,1,0.248528,0,0.595098,columbia_transfer
990,1,0.650461,1,0.595098,columbia_transfer
991,1,0.024212,0,0.595098,columbia_transfer
992,1,0.028629,0,0.595098,columbia_transfer
993,1,0.079525,0,0.595098,columbia_transfer
994,1,0.077764,0,0.595098,columbia_transfer
995,1,0.064858,0,0.595098,columbia_transfer
996,1,0.085234,0,0.595098,columbia_transfer
997,1,0.777797,1,0.595098,columbia_transfer
998,1,0.648378,1,0.595098,columbia_transfer
999,1,0.031693,0,0.595098,columbia_transfer
1000,1,0.267057,0,0.595098,columbia_transfer
1001,1,0.969476,1,0.595098,columbia_transfer
1002,1,0.798029,1,0.595098,columbia_transfer
1003,1,0.058729,0,0.595098,columbia_transfer
1004,1,0.233919,0,0.595098,columbia_transfer
1005,1,0.753252,1,0.595098,columbia_transfer
1006,1,0.46008,0,0.595098,columbia_transfer
1007,1,0.857041,1,0.595098,columbia_transfer
1008,1,0.409455,0,0.595098,columbia_transfer
1009,1,0.089773,0,0.595098,columbia_transfer
1010,1,0.927372,1,0.595098,columbia_transfer
1011,1,0.911621,1,0.595098,columbia_transfer
1012,1,0.851235,1,0.595098,columbia_transfer
1013,1,0.888814,1,0.595098,columbia_transfer
1014,1,0.945677,1,0.595098,columbia_transfer
1015,1,0.667623,1,0.595098,columbia_transfer
1016,1,0.018024,0,0.595098,columbia_transfer
1017,1,0.022639,0,0.595098,columbia_transfer
1018,1,0.022822,0,0.595098,columbia_transfer
1019,1,0.071904,0,0.595098,columbia_transfer
1020,1,0.034929,0,0.595098,columbia_transfer
1021,1,0.030846,0,0.595098,columbia_transfer
1022,1,0.082848,0,0.595098,columbia_transfer
1023,1,0.021809,0,0.595098,columbia_transfer
1024,1,0.020263,0,0.595098,columbia_transfer
1025,1,0.028714,0,0.595098,columbia_transfer
1026,1,0.051649,0,0.595098,columbia_transfer
1027,1,0.088297,0,0.595098,columbia_transfer
1028,1,0.950955,1,0.595098,columbia_transfer
1029,1,0.017027,0,0.595098,columbia_transfer
1030,1,0.059642,0,0.595098,columbia_transfer
1031,1,0.281693,0,0.595098,columbia_transfer
1032,1,0.961862,1,0.595098,columbia_transfer
1033,1,0.680907,1,0.595098,columbia_transfer
1034,1,0.078731,0,0.595098,columbia_transfer
1035,1,0.854798,1,0.595098,columbia_transfer
1036,1,0.944411,1,0.595098,columbia_transfer
1037,1,0.774616,1,0.595098,columbia_transfer
1038,1,0.620657,1,0.595098,columbia_transfer
1039,1,0.050053,0,0.595098,columbia_transfer
1040,1,0.030415,0,0.595098,columbia_transfer
1041,1,0.123627,0,0.595098,columbia_transfer
1042,1,0.948418,1,0.595098,columbia_transfer
1043,1,0.889685,1,0.595098,columbia_transfer
1044,1,0.066847,0,0.595098,columbia_transfer
1045,1,0.123381,0,0.595098,columbia_transfer
1046,1,0.928948,1,0.595098,columbia_transfer
1047,1,0.932424,1,0.595098,columbia_transfer
1048,1,0.09307,0,0.595098,columbia_transfer
1049,1,0.967421,1,0.595098,columbia_transfer
1050,1,0.031053,0,0.595098,columbia_transfer
1051,1,0.052319,0,0.595098,columbia_transfer
1052,1,0.091631,0,0.595098,columbia_transfer
1053,1,0.157984,0,0.595098,columbia_transfer
1054,1,0.726604,1,0.595098,columbia_transfer
1055,1,0.118048,0,0.595098,columbia_transfer
1056,1,0.098821,0,0.595098,columbia_transfer
1057,1,0.049742,0,0.595098,columbia_transfer
1058,1,0.057141,0,0.595098,columbia_transfer
1059,1,0.801167,1,0.595098,columbia_transfer
1060,1,0.960129,1,0.595098,columbia_transfer
1061,1,0.711655,1,0.595098,columbia_transfer
1062,1,0.935542,1,0.595098,columbia_transfer
1063,1,0.981261,1,0.595098,columbia_transfer
1064,1,0.978467,1,0.595098,columbia_transfer
1065,1,0.84098,1,0.595098,columbia_transfer
1066,1,0.206839,0,0.595098,columbia_transfer
1067,1,0.12622,0,0.595098,columbia_transfer
1068,1,0.825532,1,0.595098,columbia_transfer
1069,1,0.733505,1,0.595098,columbia_transfer
1070,1,0.718651,1,0.595098,columbia_transfer
1071,1,0.026695,0,0.595098,columbia_transfer
1072,1,0.131351,0,0.595098,columbia_transfer
1073,1,0.955565,1,0.595098,columbia_transfer
1074,1,0.153293,0,0.595098,columbia_transfer
1075,1,0.077451,0,0.595098,columbia_transfer
1076,1,0.230447,0,0.595098,columbia_transfer
1077,1,0.561353,0,0.595098,columbia_transfer
1078,1,0.426556,0,0.595098,columbia_transfer
1079,1,0.056801,0,0.595098,columbia_transfer
1080,1,0.829184,1,0.595098,columbia_transfer
1081,1,0.633106,1,0.595098,columbia_transfer
1082,1,0.047647,0,0.595098,columbia_transfer
1083,1,0.018927,0,0.595098,columbia_transfer
1084,1,0.056541,0,0.595098,columbia_transfer
1085,1,0.356862,0,0.595098,columbia_transfer
1086,1,0.799264,1,0.595098,columbia_transfer
1087,1,0.027828,0,0.595098,columbia_transfer
1088,1,0.062011,0,0.595098,columbia_transfer
1089,1,0.213715,0,0.595098,columbia_transfer
1090,1,0.11743,0,0.595098,columbia_transfer
1091,1,0.783639,1,0.595098,columbia_transfer
1092,1,0.144224,0,0.595098,columbia_transfer
1093,1,0.690166,1,0.595098,columbia_transfer
1094,1,0.791987,1,0.595098,columbia_transfer
1095,1,0.527323,0,0.595098,columbia_transfer
1096,1,0.933616,1,0.595098,columbia_transfer
1097,1,0.715906,1,0.595098,columbia_transfer
1098,1,0.044765,0,0.595098,columbia_transfer
1099,1,0.437299,0,0.595098,columbia_transfer
1100,1,0.776461,1,0.595098,columbia_transfer
1101,1,0.44042,0,0.595098,columbia_transfer
1102,1,0.371443,0,0.595098,columbia_transfer
1103,1,0.949087,1,0.595098,columbia_transfer
1104,1,0.019516,0,0.595098,columbia_transfer
1105,1,0.074095,0,0.595098,columbia_transfer
1106,1,0.573624,0,0.595098,columbia_transfer
1107,1,0.100608,0,0.595098,columbia_transfer
1108,1,0.07327,0,0.595098,columbia_transfer
1109,1,0.097936,0,0.595098,columbia_transfer
1110,1,0.027776,0,0.595098,columbia_transfer
1111,1,0.93697,1,0.595098,columbia_transfer
1112,1,0.039967,0,0.595098,columbia_transfer
1113,1,0.914991,1,0.595098,columbia_transfer
1114,1,0.975286,1,0.595098,columbia_transfer
1115,1,0.22828,0,0.595098,columbia_transfer
1116,1,0.160962,0,0.595098,columbia_transfer
1117,1,0.643552,1,0.595098,columbia_transfer
1118,1,0.109879,0,0.595098,columbia_transfer
1119,1,0.069567,0,0.595098,columbia_transfer
1120,1,0.055036,0,0.595098,columbia_transfer
1121,1,0.873087,1,0.595098,columbia_transfer
1122,1,0.272425,0,0.595098,columbia_transfer
1123,1,0.340685,0,0.595098,columbia_transfer
1124,1,0.108403,0,0.595098,columbia_transfer
1125,1,0.069576,0,0.595098,columbia_transfer
1126,1,0.031899,0,0.595098,columbia_transfer
1127,1,0.941187,1,0.595098,columbia_transfer
1128,1,0.098507,0,0.595098,columbia_transfer
1129,1,0.059965,0,0.595098,columbia_transfer
1130,1,0.061214,0,0.595098,columbia_transfer
1131,1,0.687853,1,0.595098,columbia_transfer
1132,1,0.869164,1,0.595098,columbia_transfer
1133,1,0.900363,1,0.595098,columbia_transfer
1134,1,0.573409,0,0.595098,columbia_transfer
1135,1,0.642728,1,0.595098,columbia_transfer
1136,1,0.081938,0,0.595098,columbia_transfer
1137,1,0.709634,1,0.595098,columbia_transfer
1138,1,0.057464,0,0.595098,columbia_transfer
1139,1,0.132545,0,0.595098,columbia_transfer
1140,1,0.046642,0,0.595098,columbia_transfer
1141,1,0.217601,0,0.595098,columbia_transfer
1142,1,0.494484,0,0.595098,columbia_transfer
1143,1,0.088987,0,0.595098,columbia_transfer
1144,1,0.035133,0,0.595098,columbia_transfer
1145,1,0.221958,0,0.595098,columbia_transfer
1146,1,0.68056,1,0.595098,columbia_transfer
1147,1,0.050899,0,0.595098,columbia_transfer
1148,1,0.682273,1,0.595098,columbia_transfer
1149,1,0.191037,0,0.595098,columbia_transfer
1150,1,0.755236,1,0.595098,columbia_transfer
1151,1,0.454036,0,0.595098,columbia_transfer
1152,1,0.064088,0,0.595098,columbia_transfer
1153,1,0.045868,0,0.595098,columbia_transfer
1154,1,0.489636,0,0.595098,columbia_transfer
1155,1,0.364772,0,0.595098,columbia_transfer
1156,1,0.679134,1,0.595098,columbia_transfer
1157,1,0.930065,1,0.595098,columbia_transfer
1158,1,0.934806,1,0.595098,columbia_transfer
1159,1,0.465344,0,0.595098,columbia_transfer
1160,1,0.790223,1,0.595098,columbia_transfer
1161,1,0.616252,1,0.595098,columbia_transfer
1162,1,0.240407,0,0.595098,columbia_transfer
1163,1,0.750686,1,0.595098,columbia_transfer
1164,1,0.778396,1,0.595098,columbia_transfer
1165,1,0.693294,1,0.595098,columbia_transfer
1166,1,0.264631,0,0.595098,columbia_transfer
1167,1,0.794143,1,0.595098,columbia_transfer
1168,1,0.148172,0,0.595098,columbia_transfer
1169,1,0.399491,0,0.595098,columbia_transfer
1170,1,0.217081,0,0.595098,columbia_transfer
1171,1,0.283561,0,0.595098,columbia_transfer
1172,1,0.336993,0,0.595098,columbia_transfer
1173,1,0.205916,0,0.595098,columbia_transfer
1174,1,0.594732,0,0.595098,columbia_transfer
1175,1,0.034729,0,0.595098,columbia_transfer
1176,1,0.374044,0,0.595098,columbia_transfer
1177,1,0.024348,0,0.595098,columbia_transfer
1178,1,0.180422,0,0.595098,columbia_transfer
1179,1,0.074407,0,0.595098,columbia_transfer
1180,1,0.922856,1,0.595098,columbia_transfer
1181,1,0.703937,1,0.595098,columbia_transfer
1182,1,0.978958,1,0.595098,columbia_transfer
1183,1,0.375237,0,0.595098,columbia_transfer
1184,1,0.625132,1,0.595098,columbia_transfer
1185,1,0.858381,1,0.595098,columbia_transfer
1186,1,0.351195,0,0.595098,columbia_transfer
1187,1,0.655525,1,0.595098,columbia_transfer
1188,1,0.245747,0,0.595098,columbia_transfer
1189,1,0.435575,0,0.595098,columbia_transfer
1190,1,0.244704,0,0.595098,columbia_transfer
1191,1,0.65146,1,0.595098,columbia_transfer
1192,1,0.227871,0,0.595098,columbia_transfer
1193,1,0.730067,1,0.595098,columbia_transfer
1194,1,0.584232,0,0.595098,columbia_transfer
1195,1,0.296041,0,0.595098,columbia_transfer
1196,1,0.986125,1,0.595098,columbia_transfer
1197,1,0.436335,0,0.595098,columbia_transfer
1198,1,0.961402,1,0.595098,columbia_transfer
1199,1,0.714546,1,0.595098,columbia_transfer
1200,1,0.666346,1,0.595098,columbia_transfer
1201,1,0.159261,0,0.595098,columbia_transfer
1202,1,0.827999,1,0.595098,columbia_transfer
1203,1,0.311975,0,0.595098,columbia_transfer
1204,1,0.637035,1,0.595098,columbia_transfer
1205,1,0.626656,1,0.595098,columbia_transfer
1206,1,0.412889,0,0.595098,columbia_transfer
1207,1,0.751509,1,0.595098,columbia_transfer
1208,1,0.307307,0,0.595098,columbia_transfer
1209,1,0.499138,0,0.595098,columbia_transfer
1210,1,0.726118,1,0.595098,columbia_transfer
1211,1,0.743937,1,0.595098,columbia_transfer
1212,1,0.232586,0,0.595098,columbia_transfer
1213,1,0.186442,0,0.595098,columbia_transfer
1214,1,0.177426,0,0.595098,columbia_transfer
1215,1,0.866151,1,0.595098,columbia_transfer
1216,1,0.922445,1,0.595098,columbia_transfer
1217,1,0.15088,0,0.595098,columbia_transfer
1218,1,0.091944,0,0.595098,columbia_transfer
1219,1,0.160178,0,0.595098,columbia_transfer
1220,1,0.964736,1,0.595098,columbia_transfer
1221,1,0.232186,0,0.595098,columbia_transfer
1222,1,0.777315,1,0.595098,columbia_transfer
1223,1,0.860811,1,0.595098,columbia_transfer
1224,1,0.984506,1,0.595098,columbia_transfer
1225,1,0.400487,0,0.595098,columbia_transfer
1226,1,0.925797,1,0.595098,columbia_transfer
1227,1,0.939873,1,0.595098,columbia_transfer
1228,1,0.611462,1,0.595098,columbia_transfer
1229,1,0.565115,0,0.595098,columbia_transfer
1230,1,0.58261,0,0.595098,columbia_transfer
1231,1,0.908914,1,0.595098,columbia_transfer
1232,1,0.098246,0,0.595098,columbia_transfer
1233,1,0.871826,1,0.595098,columbia_transfer
1234,1,0.33674,0,0.595098,columbia_transfer
1235,1,0.291645,0,0.595098,columbia_transfer
1236,1,0.121035,0,0.595098,columbia_transfer
1237,1,0.25824,0,0.595098,columbia_transfer
1238,1,0.919965,1,0.595098,columbia_transfer
1239,1,0.143826,0,0.595098,columbia_transfer
1240,1,0.590932,0,0.595098,columbia_transfer
1241,1,0.312103,0,0.595098,columbia_transfer
1242,1,0.85307,1,0.595098,columbia_transfer
1243,1,0.64661,1,0.595098,columbia_transfer
1244,1,0.404611,0,0.595098,columbia_transfer
1245,1,0.277127,0,0.595098,columbia_transfer
1246,1,0.071879,0,0.595098,columbia_transfer
1247,1,0.158329,0,0.595098,columbia_transfer
1248,1,0.86682,1,0.595098,columbia_transfer
1249,1,0.830708,1,0.595098,columbia_transfer
1250,1,0.428863,0,0.595098,columbia_transfer
1251,1,0.728694,1,0.595098,columbia_transfer
1252,1,0.316222,0,0.595098,columbia_transfer
1253,1,0.091687,0,0.595098,columbia_transfer
1254,1,0.177492,0,0.595098,columbia_transfer
1255,1,0.144303,0,0.595098,columbia_transfer
1256,1,0.021837,0,0.595098,columbia_transfer
1257,1,0.377557,0,0.595098,columbia_transfer
1258,1,0.228924,0,0.595098,columbia_transfer
1259,1,0.399902,0,0.595098,columbia_transfer
1260,1,0.630594,1,0.595098,columbia_transfer
1261,1,0.288742,0,0.595098,columbia_transfer
1262,1,0.077464,0,0.595098,columbia_transfer
1263,1,0.318541,0,0.595098,columbia_transfer
1264,1,0.220208,0,0.595098,columbia_transfer
1265,1,0.074197,0,0.595098,columbia_transfer
1266,1,0.09447,0,0.595098,columbia_transfer
1267,1,0.45305,0,0.595098,columbia_transfer
1268,1,0.347142,0,0.595098,columbia_transfer
1269,1,0.898777,1,0.595098,columbia_transfer
1270,1,0.623537,1,0.595098,columbia_transfer
1271,1,0.771349,1,0.595098,columbia_transfer
1272,1,0.073182,0,0.595098,columbia_transfer
1273,1,0.864534,1,0.595098,columbia_transfer
1274,1,0.560531,0,0.595098,columbia_transfer
1275,1,0.832722,1,0.595098,columbia_transfer
1276,1,0.945059,1,0.595098,columbia_transfer
1277,1,0.860528,1,0.595098,columbia_transfer
1278,1,0.692003,1,0.595098,columbia_transfer
1279,1,0.512792,0,0.595098,columbia_transfer
1280,1,0.704638,1,0.595098,columbia_transfer
1281,1,0.779413,1,0.595098,columbia_transfer
1282,1,0.226446,0,0.595098,columbia_transfer
1283,1,0.872197,1,0.595098,columbia_transfer
1284,1,0.668624,1,0.595098,columbia_transfer
1285,1,0.903945,1,0.595098,columbia_transfer
1286,1,0.958581,1,0.595098,columbia_transfer
1287,1,0.07664,0,0.595098,columbia_transfer
1288,1,0.352171,0,0.595098,columbia_transfer
1289,1,0.810831,1,0.595098,columbia_transfer
1290,1,0.670616,1,0.595098,columbia_transfer
1291,1,0.636602,1,0.595098,columbia_transfer
1292,1,0.678919,1,0.595098,columbia_transfer
1293,1,0.93775,1,0.595098,columbia_transfer
1294,1,0.372174,0,0.595098,columbia_transfer
1295,1,0.772423,1,0.595098,columbia_transfer
1296,1,0.775085,1,0.595098,columbia_transfer
1297,1,0.041702,0,0.595098,columbia_transfer
1298,1,0.023969,0,0.595098,columbia_transfer
1299,1,0.021974,0,0.595098,columbia_transfer
1300,1,0.090349,0,0.595098,columbia_transfer
1301,1,0.501717,0,0.595098,columbia_transfer
1302,1,0.330679,0,0.595098,columbia_transfer
1303,1,0.775791,1,0.595098,columbia_transfer
1304,1,0.042052,0,0.595098,columbia_transfer
1305,1,0.952644,1,0.595098,columbia_transfer
1306,1,0.189642,0,0.595098,columbia_transfer
1307,1,0.590856,0,0.595098,columbia_transfer
1308,1,0.714207,1,0.595098,columbia_transfer
1309,1,0.721033,1,0.595098,columbia_transfer
1310,1,0.953008,1,0.595098,columbia_transfer
1311,1,0.793222,1,0.595098,columbia_transfer
1312,1,0.745312,1,0.595098,columbia_transfer
1313,1,0.893627,1,0.595098,columbia_transfer
1314,1,0.880181,1,0.595098,columbia_transfer
1315,1,0.548098,0,0.595098,columbia_transfer
1316,1,0.977783,1,0.595098,columbia_transfer
1317,1,0.727384,1,0.595098,columbia_transfer
1318,1,0.977148,1,0.595098,columbia_transfer
1319,1,0.906278,1,0.595098,columbia_transfer
1320,1,0.956772,1,0.595098,columbia_transfer
1321,1,0.023219,0,0.595098,columbia_transfer
1322,1,0.968186,1,0.595098,columbia_transfer
1323,1,0.34175,0,0.595098,columbia_transfer
1324,1,0.324991,0,0.595098,columbia_transfer
1325,1,0.101687,0,0.595098,columbia_transfer
1326,1,0.045243,0,0.595098,columbia_transfer
1327,1,0.149903,0,0.595098,columbia_transfer
1328,1,0.872661,1,0.595098,columbia_transfer
1329,1,0.559954,0,0.595098,columbia_transfer
1330,1,0.928027,1,0.595098,columbia_transfer
1331,1,0.974611,1,0.595098,columbia_transfer
1332,1,0.913513,1,0.595098,columbia_transfer
1333,1,0.602063,1,0.595098,columbia_transfer
1334,1,0.381169,0,0.595098,columbia_transfer
1335,1,0.907123,1,0.595098,columbia_transfer
1336,1,0.72099,1,0.595098,columbia_transfer
1337,1,0.724992,1,0.595098,columbia_transfer
1338,1,0.229171,0,0.595098,columbia_transfer
1339,1,0.605296,1,0.595098,columbia_transfer
1340,1,0.045454,0,0.595098,columbia_transfer
1341,1,0.598505,1,0.595098,columbia_transfer
1342,1,0.420728,0,0.595098,columbia_transfer
1343,1,0.791048,1,0.595098,columbia_transfer
1344,1,0.263067,0,0.595098,columbia_transfer
1345,1,0.269448,0,0.595098,columbia_transfer
1346,1,0.307315,0,0.595098,columbia_transfer
1347,1,0.919572,1,0.595098,columbia_transfer
1348,1,0.204694,0,0.595098,columbia_transfer
1349,1,0.076116,0,0.595098,columbia_transfer
1350,1,0.961139,1,0.595098,columbia_transfer
1351,1,0.658076,1,0.595098,columbia_transfer
1352,1,0.592882,0,0.595098,columbia_transfer
1353,1,0.670917,1,0.595098,columbia_transfer
1354,1,0.755916,1,0.595098,columbia_transfer
1355,1,0.654269,1,0.595098,columbia_transfer
1356,1,0.816248,1,0.595098,columbia_transfer
1357,1,0.956292,1,0.595098,columbia_transfer
1358,1,0.981191,1,0.595098,columbia_transfer
1359,1,0.640831,1,0.595098,columbia_transfer
1360,1,0.534629,0,0.595098,columbia_transfer
1361,1,0.328983,0,0.595098,columbia_transfer
1362,1,0.258625,0,0.595098,columbia_transfer
1363,1,0.686433,1,0.595098,columbia_transfer
1364,1,0.569119,0,0.595098,columbia_transfer
1365,1,0.586132,0,0.595098,columbia_transfer
1366,1,0.604897,1,0.595098,columbia_transfer
1367,1,0.98065,1,0.595098,columbia_transfer
1368,1,0.988458,1,0.595098,columbia_transfer
1369,1,0.974128,1,0.595098,columbia_transfer
1370,1,0.916975,1,0.595098,columbia_transfer
1371,1,0.77478,1,0.595098,columbia_transfer
1372,1,0.730838,1,0.595098,columbia_transfer
1373,1,0.712624,1,0.595098,columbia_transfer
1374,1,0.968341,1,0.595098,columbia_transfer
1375,1,0.833882,1,0.595098,columbia_transfer
1376,1,0.889256,1,0.595098,columbia_transfer
1377,1,0.990463,1,0.595098,columbia_transfer
1378,1,0.765823,1,0.595098,columbia_transfer
1379,1,0.37799,0,0.595098,columbia_transfer
1380,1,0.968106,1,0.595098,columbia_transfer
1381,1,0.76044,1,0.595098,columbia_transfer
1382,1,0.71444,1,0.595098,columbia_transfer
1383,1,0.912657,1,0.595098,columbia_transfer
1384,1,0.689676,1,0.595098,columbia_transfer
1385,1,0.705901,1,0.595098,columbia_transfer
1386,1,0.487471,0,0.595098,columbia_transfer
1387,1,0.927961,1,0.595098,columbia_transfer
1388,1,0.935303,1,0.595098,columbia_transfer
1389,1,0.623311,1,0.595098,columbia_transfer
1390,1,0.513071,0,0.595098,columbia_transfer
1391,1,0.953751,1,0.595098,columbia_transfer
1392,1,0.91469,1,0.595098,columbia_transfer
1393,1,0.59425,0,0.595098,columbia_transfer
1394,1,0.728614,1,0.595098,columbia_transfer
1395,1,0.403284,0,0.595098,columbia_transfer
1396,1,0.66785,1,0.595098,columbia_transfer
1397,1,0.395623,0,0.595098,columbia_transfer
1398,1,0.978665,1,0.595098,columbia_transfer
1399,1,0.805593,1,0.595098,columbia_transfer
1400,1,0.552841,0,0.595098,columbia_transfer
1401,1,0.958644,1,0.595098,columbia_transfer
1402,1,0.903716,1,0.595098,columbia_transfer
1403,1,0.793148,1,0.595098,columbia_transfer
1404,1,0.027999,0,0.595098,columbia_transfer
1405,1,0.985065,1,0.595098,columbia_transfer
1406,1,0.892093,1,0.595098,columbia_transfer
1407,1,0.822677,1,0.595098,columbia_transfer
1408,1,0.758765,1,0.595098,columbia_transfer
1409,1,0.738758,1,0.595098,columbia_transfer
1410,1,0.533794,0,0.595098,columbia_transfer
1411,1,0.978975,1,0.595098,columbia_transfer
1412,1,0.844429,1,0.595098,columbia_transfer
1413,1,0.854784,1,0.595098,columbia_transfer
1414,1,0.492362,0,0.595098,columbia_transfer
1415,1,0.018376,0,0.595098,columbia_transfer
1416,1,0.4486,0,0.595098,columbia_transfer
1417,1,0.753385,1,0.595098,columbia_transfer
1418,1,0.882392,1,0.595098,columbia_transfer
1419,1,0.693274,1,0.595098,columbia_transfer
1420,1,0.433216,0,0.595098,columbia_transfer
1421,1,0.47218,0,0.595098,columbia_transfer
1422,1,0.864445,1,0.595098,columbia_transfer
1423,1,0.287519,0,0.595098,columbia_transfer
1424,1,0.025728,0,0.595098,columbia_transfer
1425,1,0.421969,0,0.595098,columbia_transfer
1426,1,0.222627,0,0.595098,columbia_transfer
1427,1,0.045533,0,0.595098,columbia_transfer
1428,1,0.33239,0,0.595098,columbia_transfer
1429,1,0.683955,1,0.595098,columbia_transfer
1430,1,0.868341,1,0.595098,columbia_transfer
1431,1,0.696754,1,0.595098,columbia_transfer
1432,1,0.848341,1,0.595098,columbia_transfer
1433,1,0.873846,1,0.595098,columbia_transfer
1434,1,0.609071,1,0.595098,columbia_transfer
1435,1,0.775593,1,0.595098,columbia_transfer
1436,1,0.962524,1,0.595098,columbia_transfer
1437,1,0.741167,1,0.595098,columbia_transfer
1438,1,0.74885,1,0.595098,columbia_transfer
1439,1,0.421107,0,0.595098,columbia_transfer
1440,1,0.400452,0,0.595098,columbia_transfer
1441,1,0.702036,1,0.595098,columbia_transfer
1442,1,0.3582,0,0.595098,columbia_transfer
1443,1,0.403187,0,0.595098,columbia_transfer
1444,1,0.260532,0,0.595098,columbia_transfer
1445,1,0.184723,0,0.595098,columbia_transfer
1446,1,0.106291,0,0.595098,columbia_transfer
1447,1,0.786235,1,0.595098,columbia_transfer
1448,1,0.185162,0,0.595098,columbia_transfer
1449,1,0.867386,1,0.595098,columbia_transfer
1450,1,0.963176,1,0.595098,columbia_transfer
1451,1,0.391796,0,0.595098,columbia_transfer
1452,1,0.956476,1,0.595098,columbia_transfer
1453,1,0.726101,1,0.595098,columbia_transfer
1454,1,0.894359,1,0.595098,columbia_transfer
1455,1,0.833102,1,0.595098,columbia_transfer
1456,1,0.891991,1,0.595098,columbia_transfer
1457,1,0.94349,1,0.595098,columbia_transfer
1458,1,0.918103,1,0.595098,columbia_transfer
1459,1,0.933177,1,0.595098,columbia_transfer
1460,1,0.906935,1,0.595098,columbia_transfer
1461,1,0.360857,0,0.595098,columbia_transfer
1462,1,0.959417,1,0.595098,columbia_transfer
1463,1,0.98524,1,0.595098,columbia_transfer
1464,1,0.586832,0,0.595098,columbia_transfer
1465,1,0.854535,1,0.595098,columbia_transfer
1466,1,0.753278,1,0.595098,columbia_transfer
1467,1,0.773071,1,0.595098,columbia_transfer
1468,1,0.831185,1,0.595098,columbia_transfer
1469,1,0.492294,0,0.595098,columbia_transfer
1470,1,0.699252,1,0.595098,columbia_transfer
1471,1,0.518887,0,0.595098,columbia_transfer
1472,1,0.61502,1,0.595098,columbia_transfer
1473,1,0.955312,1,0.595098,columbia_transfer
1474,1,0.910268,1,0.595098,columbia_transfer
1475,1,0.928689,1,0.595098,columbia_transfer
1476,1,0.866919,1,0.595098,columbia_transfer
1477,1,0.954711,1,0.595098,columbia_transfer
1478,1,0.591633,0,0.595098,columbia_transfer
1479,1,0.093624,0,0.595098,columbia_transfer
1480,1,0.562414,0,0.595098,columbia_transfer
1481,1,0.973738,1,0.595098,columbia_transfer
1482,1,0.735279,1,0.595098,columbia_transfer
1483,1,0.951208,1,0.595098,columbia_transfer
1484,1,0.969573,1,0.595098,columbia_transfer
1485,1,0.858565,1,0.595098,columbia_transfer
1486,1,0.598684,1,0.595098,columbia_transfer
1487,1,0.560948,0,0.595098,columbia_transfer
1488,1,0.182898,0,0.595098,columbia_transfer
1489,1,0.972534,1,0.595098,columbia_transfer
1490,1,0.042682,0,0.595098,columbia_transfer
1491,1,0.653071,1,0.595098,columbia_transfer
1492,1,0.988862,1,0.595098,columbia_transfer
1493,1,0.933094,1,0.595098,columbia_transfer
1494,1,0.605987,1,0.595098,columbia_transfer
1495,1,0.479449,0,0.595098,columbia_transfer
1496,1,0.951291,1,0.595098,columbia_transfer
1497,1,0.034209,0,0.595098,columbia_transfer
1498,1,0.061356,0,0.595098,columbia_transfer
1499,1,0.908291,1,0.595098,columbia_transfer
1500,1,0.463788,0,0.595098,columbia_transfer
1501,1,0.350133,0,0.595098,columbia_transfer
1502,1,0.447204,0,0.595098,columbia_transfer
1503,1,0.281113,0,0.595098,columbia_transfer
1504,1,0.44148,0,0.595098,columbia_transfer
1505,1,0.15887,0,0.595098,columbia_transfer
1506,1,0.715487,1,0.595098,columbia_transfer
1507,1,0.71557,1,0.595098,columbia_transfer
1508,1,0.614982,1,0.595098,columbia_transfer
1509,1,0.885498,1,0.595098,columbia_transfer
1510,1,0.517751,0,0.595098,columbia_transfer
1511,1,0.914116,1,0.595098,columbia_transfer
1512,1,0.598816,1,0.595098,columbia_transfer
1513,1,0.976587,1,0.595098,columbia_transfer
1514,1,0.350905,0,0.595098,columbia_transfer
1515,1,0.290832,0,0.595098,columbia_transfer
1516,1,0.926446,1,0.595098,columbia_transfer
1517,1,0.905102,1,0.595098,columbia_transfer
1518,1,0.962103,1,0.595098,columbia_transfer
1519,1,0.914328,1,0.595098,columbia_transfer
1520,1,0.853565,1,0.595098,columbia_transfer
1521,1,0.387261,0,0.595098,columbia_transfer
1522,1,0.905011,1,0.595098,columbia_transfer
1523,1,0.040384,0,0.595098,columbia_transfer
1524,1,0.682271,1,0.595098,columbia_transfer
1525,1,0.649975,1,0.595098,columbia_transfer
1526,1,0.958921,1,0.595098,columbia_transfer
1527,1,0.47886,0,0.595098,columbia_transfer
1528,1,0.686529,1,0.595098,columbia_transfer
1529,1,0.734748,1,0.595098,columbia_transfer
1530,1,0.530533,0,0.595098,columbia_transfer
1531,1,0.693694,1,0.595098,columbia_transfer
1532,1,0.022051,0,0.595098,columbia_transfer
1533,1,0.645287,1,0.595098,columbia_transfer
1534,1,0.45872,0,0.595098,columbia_transfer
1535,1,0.731279,1,0.595098,columbia_transfer
1536,1,0.670227,1,0.595098,columbia_transfer
1537,1,0.639233,1,0.595098,columbia_transfer
1538,1,0.536858,0,0.595098,columbia_transfer
1539,1,0.686884,1,0.595098,columbia_transfer
1540,1,0.712237,1,0.595098,columbia_transfer
1541,1,0.472584,0,0.595098,columbia_transfer
1542,1,0.238359,0,0.595098,columbia_transfer
1543,1,0.920333,1,0.595098,columbia_transfer
1544,1,0.961278,1,0.595098,columbia_transfer
1545,1,0.386608,0,0.595098,columbia_transfer
1546,1,0.768937,1,0.595098,columbia_transfer
1547,1,0.738853,1,0.595098,columbia_transfer
1548,1,0.956883,1,0.595098,columbia_transfer
1549,1,0.963633,1,0.595098,columbia_transfer
1550,1,0.584118,0,0.595098,columbia_transfer
1551,1,0.819743,1,0.595098,columbia_transfer
1552,1,0.878002,1,0.595098,columbia_transfer
1553,1,0.765856,1,0.595098,columbia_transfer
1554,1,0.95221,1,0.595098,columbia_transfer
1555,1,0.155423,0,0.595098,columbia_transfer
1556,1,0.552574,0,0.595098,columbia_transfer
1557,1,0.838428,1,0.595098,columbia_transfer
1558,1,0.353781,0,0.595098,columbia_transfer
1559,1,0.273746,0,0.595098,columbia_transfer
1560,1,0.187027,0,0.595098,columbia_transfer
1561,1,0.09145,0,0.595098,columbia_transfer
1562,1,0.874873,1,0.595098,columbia_transfer
1563,1,0.510858,0,0.595098,columbia_transfer
1564,1,0.539276,0,0.595098,columbia_transfer
1565,1,0.41491,0,0.595098,columbia_transfer
1566,1,0.698112,1,0.595098,columbia_transfer
1567,1,0.588575,0,0.595098,columbia_transfer
1568,1,0.244035,0,0.595098,columbia_transfer
1569,1,0.958338,1,0.595098,columbia_transfer
1570,1,0.798085,1,0.595098,columbia_transfer
1571,1,0.27125,0,0.595098,columbia_transfer
1572,1,0.645348,1,0.595098,columbia_transfer
1573,1,0.504321,0,0.595098,columbia_transfer
1574,1,0.7205,1,0.595098,columbia_transfer
1575,1,0.965014,1,0.595098,columbia_transfer
1576,1,0.898308,1,0.595098,columbia_transfer
1577,1,0.935169,1,0.595098,columbia_transfer
1578,1,0.677087,1,0.595098,columbia_transfer
1579,1,0.893662,1,0.595098,columbia_transfer
1580,1,0.339815,0,0.595098,columbia_transfer
1581,1,0.906444,1,0.595098,columbia_transfer
1582,1,0.779865,1,0.595098,columbia_transfer
1583,1,0.894063,1,0.595098,columbia_transfer
1584,1,0.489029,0,0.595098,columbia_transfer
1585,1,0.90293,1,0.595098,columbia_transfer
1586,1,0.807441,1,0.595098,columbia_transfer
1587,1,0.478574,0,0.595098,columbia_transfer
1588,1,0.923917,1,0.595098,columbia_transfer
1589,1,0.446311,0,0.595098,columbia_transfer
1590,1,0.851196,1,0.595098,columbia_transfer
1591,1,0.96426,1,0.595098,columbia_transfer
1592,1,0.777909,1,0.595098,columbia_transfer
1593,1,0.816062,1,0.595098,columbia_transfer
1594,1,0.074966,0,0.595098,columbia_transfer
1595,1,0.979546,1,0.595098,columbia_transfer
1596,1,0.815719,1,0.595098,columbia_transfer
1597,1,0.735162,1,0.595098,columbia_transfer
1598,1,0.529231,0,0.595098,columbia_transfer
1599,1,0.663228,1,0.595098,columbia_transfer
1600,1,0.198545,0,0.595098,columbia_transfer
1601,1,0.835351,1,0.595098,columbia_transfer
1602,1,0.315059,0,0.595098,columbia_transfer
1603,1,0.979691,1,0.595098,columbia_transfer
1604,1,0.814515,1,0.595098,columbia_transfer
1605,1,0.375259,0,0.595098,columbia_transfer
1606,1,0.622131,1,0.595098,columbia_transfer
1607,1,0.631692,1,0.595098,columbia_transfer
1608,1,0.521498,0,0.595098,columbia_transfer
1609,1,0.931399,1,0.595098,columbia_transfer
1610,1,0.786827,1,0.595098,columbia_transfer
1611,1,0.834135,1,0.595098,columbia_transfer
1612,1,0.858898,1,0.595098,columbia_transfer
1613,1,0.781196,1,0.595098,columbia_transfer
1614,1,0.694236,1,0.595098,columbia_transfer
1615,1,0.767175,1,0.595098,columbia_transfer
1616,1,0.895443,1,0.595098,columbia_transfer
1617,1,0.576444,0,0.595098,columbia_transfer
1618,1,0.676936,1,0.595098,columbia_transfer
1619,1,0.846603,1,0.595098,columbia_transfer
1620,1,0.386256,0,0.595098,columbia_transfer
1621,1,0.803883,1,0.595098,columbia_transfer
1622,1,0.795698,1,0.595098,columbia_transfer
1623,1,0.101838,0,0.595098,columbia_transfer
1624,1,0.379314,0,0.595098,columbia_transfer
1625,1,0.410971,0,0.595098,columbia_transfer
1626,1,0.369569,0,0.595098,columbia_transfer
1627,1,0.915082,1,0.595098,columbia_transfer
1628,1,0.672919,1,0.595098,columbia_transfer
1629,1,0.835855,1,0.595098,columbia_transfer
1630,1,0.884599,1,0.595098,columbia_transfer
1631,1,0.458131,0,0.595098,columbia_transfer
1632,1,0.939541,1,0.595098,columbia_transfer
1633,1,0.960574,1,0.595098,columbia_transfer
1634,1,0.851433,1,0.595098,columbia_transfer
1635,1,0.893567,1,0.595098,columbia_transfer
1636,1,0.830018,1,0.595098,columbia_transfer
1637,1,0.481229,0,0.595098,columbia_transfer
1638,1,0.875227,1,0.595098,columbia_transfer
1639,1,0.742778,1,0.595098,columbia_transfer
1640,1,0.514588,0,0.595098,columbia_transfer
1641,1,0.739687,1,0.595098,columbia_transfer
1642,1,0.639818,1,0.595098,columbia_transfer
1643,1,0.87394,1,0.595098,columbia_transfer
1644,1,0.541208,0,0.595098,columbia_transfer
1645,1,0.632333,1,0.595098,columbia_transfer
1646,1,0.826848,1,0.595098,columbia_transfer
1647,1,0.839333,1,0.595098,columbia_transfer
1648,1,0.662686,1,0.595098,columbia_transfer
1649,1,0.531133,0,0.595098,columbia_transfer
1650,1,0.65886,1,0.595098,columbia_transfer
1651,1,0.612854,1,0.595098,columbia_transfer
1652,1,0.840225,1,0.595098,columbia_transfer
1653,1,0.543189,0,0.595098,columbia_transfer
1654,1,0.788165,1,0.595098,columbia_transfer
1655,1,0.336027,0,0.595098,columbia_transfer
1656,1,0.746141,1,0.595098,columbia_transfer
1657,1,0.954482,1,0.595098,columbia_transfer
1658,1,0.744165,1,0.595098,columbia_transfer
1659,1,0.431513,0,0.595098,columbia_transfer
1660,1,0.944017,1,0.595098,columbia_transfer
1661,1,0.990557,1,0.595098,columbia_transfer
1662,1,0.615591,1,0.595098,columbia_transfer
1663,1,0.579739,0,0.595098,columbia_transfer
1664,1,0.516976,0,0.595098,columbia_transfer
1665,1,0.745605,1,0.595098,columbia_transfer
1666,1,0.875998,1,0.595098,columbia_transfer
1667,1,0.801479,1,0.595098,columbia_transfer
1668,1,0.368925,0,0.595098,columbia_transfer
1669,1,0.70002,1,0.595098,columbia_transfer
1670,1,0.210016,0,0.595098,columbia_transfer
1671,1,0.830802,1,0.595098,columbia_transfer
1672,1,0.685295,1,0.595098,columbia_transfer
1673,1,0.305474,0,0.595098,columbia_transfer
1674,1,0.743488,1,0.595098,columbia_transfer
1675,1,0.858798,1,0.595098,columbia_transfer
1676,1,0.582188,0,0.595098,columbia_transfer
1677,1,0.60425,1,0.595098,columbia_transfer
1678,1,0.623018,1,0.595098,columbia_transfer
1679,1,0.932096,1,0.595098,columbia_transfer
1680,1,0.57722,0,0.595098,columbia_transfer
1681,1,0.780178,1,0.595098,columbia_transfer
1682,1,0.617459,1,0.595098,columbia_transfer
1683,1,0.436249,0,0.595098,columbia_transfer
1684,1,0.76337,1,0.595098,columbia_transfer
1685,1,0.762004,1,0.595098,columbia_transfer
1686,1,0.624569,1,0.595098,columbia_transfer
1687,1,0.411164,0,0.595098,columbia_transfer
1688,1,0.177054,0,0.595098,columbia_transfer
1689,1,0.87826,1,0.595098,columbia_transfer
1690,1,0.947506,1,0.595098,columbia_transfer
1691,1,0.822291,1,0.595098,columbia_transfer
1692,1,0.484788,0,0.595098,columbia_transfer
1693,1,0.730679,1,0.595098,columbia_transfer
1694,1,0.75216,1,0.595098,columbia_transfer
1695,1,0.875178,1,0.595098,columbia_transfer
1696,1,0.827957,1,0.595098,columbia_transfer
1697,1,0.615925,1,0.595098,columbia_transfer
1698,1,0.869602,1,0.595098,columbia_transfer
1699,1,0.899015,1,0.595098,columbia_transfer
1700,1,0.391855,0,0.595098,columbia_transfer
1701,1,0.946089,1,0.595098,columbia_transfer
1702,1,0.850865,1,0.595098,columbia_transfer
1703,1,0.825143,1,0.595098,columbia_transfer
1704,1,0.899024,1,0.595098,columbia_transfer
1705,1,0.913756,1,0.595098,columbia_transfer
1706,1,0.530984,0,0.595098,columbia_transfer
1707,1,0.75824,1,0.595098,columbia_transfer
1708,1,0.222728,0,0.595098,columbia_transfer
1709,1,0.9372,1,0.595098,columbia_transfer
1710,1,0.733325,1,0.595098,columbia_transfer
1711,1,0.60473,1,0.595098,columbia_transfer
1712,1,0.276813,0,0.595098,columbia_transfer
1713,1,0.741893,1,0.595098,columbia_transfer
1714,1,0.363368,0,0.595098,columbia_transfer
1715,1,0.075985,0,0.595098,columbia_transfer
1716,1,0.199735,0,0.595098,columbia_transfer
1717,1,0.245215,0,0.595098,columbia_transfer
1718,1,0.268688,0,0.595098,columbia_transfer
1719,1,0.697214,1,0.595098,columbia_transfer
1720,1,0.673792,1,0.595098,columbia_transfer
1721,1,0.31961,0,0.595098,columbia_transfer
1722,1,0.626742,1,0.595098,columbia_transfer
1723,1,0.370875,0,0.595098,columbia_transfer
1724,1,0.17877,0,0.595098,columbia_transfer
1725,1,0.305156,0,0.595098,columbia_transfer
1726,1,0.52387,0,0.595098,columbia_transfer
1727,1,0.829824,1,0.595098,columbia_transfer
1728,1,0.725575,1,0.595098,columbia_transfer
1729,1,0.543239,0,0.595098,columbia_transfer
1730,1,0.782683,1,0.595098,columbia_transfer
1731,1,0.540724,0,0.595098,columbia_transfer
1732,1,0.366871,0,0.595098,columbia_transfer
1733,1,0.489082,0,0.595098,columbia_transfer
1734,1,0.506975,0,0.595098,columbia_transfer
1735,1,0.584342,0,0.595098,columbia_transfer
1736,1,0.908076,1,0.595098,columbia_transfer
1737,1,0.722393,1,0.595098,columbia_transfer
1738,1,0.909798,1,0.595098,columbia_transfer
1739,1,0.397963,0,0.595098,columbia_transfer
1740,1,0.484493,0,0.595098,columbia_transfer
1741,1,0.374852,0,0.595098,columbia_transfer
1742,1,0.819252,1,0.595098,columbia_transfer
1743,1,0.161275,0,0.595098,columbia_transfer
1744,1,0.937909,1,0.595098,columbia_transfer
1745,1,0.729376,1,0.595098,columbia_transfer
1746,1,0.445403,0,0.595098,columbia_transfer
1747,1,0.905765,1,0.595098,columbia_transfer
1748,1,0.351943,0,0.595098,columbia_transfer
1749,1,0.968216,1,0.595098,columbia_transfer
1750,1,0.886727,1,0.595098,columbia_transfer
1751,1,0.836012,1,0.595098,columbia_transfer
1752,1,0.853713,1,0.595098,columbia_transfer
1753,1,0.496745,0,0.595098,columbia_transfer
1754,1,0.266754,0,0.595098,columbia_transfer
1755,1,0.733288,1,0.595098,columbia_transfer
1756,1,0.100785,0,0.595098,columbia_transfer
1757,1,0.796827,1,0.595098,columbia_transfer
1758,1,0.927251,1,0.595098,columbia_transfer
1759,1,0.90366,1,0.595098,columbia_transfer
1760,1,0.18853,0,0.595098,columbia_transfer
1761,1,0.532378,0,0.595098,columbia_transfer
1762,1,0.579087,0,0.595098,columbia_transfer
1763,1,0.304531,0,0.595098,columbia_transfer
1764,1,0.088713,0,0.595098,columbia_transfer
1765,1,0.791095,1,0.595098,columbia_transfer
1766,1,0.940887,1,0.595098,columbia_transfer
1767,1,0.235729,0,0.595098,columbia_transfer
1768,1,0.606977,1,0.595098,columbia_transfer
1769,1,0.892516,1,0.595098,columbia_transfer
1770,1,0.307743,0,0.595098,columbia_transfer
1771,1,0.391416,0,0.595098,columbia_transfer
1772,1,0.501313,0,0.595098,columbia_transfer
1773,1,0.326049,0,0.595098,columbia_transfer
1774,1,0.873378,1,0.595098,columbia_transfer
1775,1,0.828283,1,0.595098,columbia_transfer
1776,1,0.348862,0,0.595098,columbia_transfer
1777,1,0.978663,1,0.595098,columbia_transfer
1778,1,0.828311,1,0.595098,columbia_transfer
1779,1,0.989588,1,0.595098,columbia_transfer
1780,1,0.640175,1,0.595098,columbia_transfer
1781,1,0.448736,0,0.595098,columbia_transfer
1782,1,0.866754,1,0.595098,columbia_transfer
1783,1,0.772074,1,0.595098,columbia_transfer
1784,1,0.707666,1,0.595098,columbia_transfer
1785,1,0.707183,1,0.595098,columbia_transfer
1786,1,0.796513,1,0.595098,columbia_transfer
1787,1,0.432879,0,0.595098,columbia_transfer
1788,1,0.852971,1,0.595098,columbia_transfer
1789,1,0.923275,1,0.595098,columbia_transfer
1790,1,0.587009,0,0.595098,columbia_transfer
1791,1,0.546053,0,0.595098,columbia_transfer
1792,1,0.764735,1,0.595098,columbia_transfer
1793,1,0.700224,1,0.595098,columbia_transfer
1794,1,0.681098,1,0.595098,columbia_transfer
1795,1,0.917083,1,0.595098,columbia_transfer
1796,1,0.674028,1,0.595098,columbia_transfer
1797,1,0.446473,0,0.595098,columbia_transfer
1798,1,0.623304,1,0.595098,columbia_transfer
1799,1,0.636806,1,0.595098,columbia_transfer
1800,1,0.442658,0,0.595098,columbia_transfer
1801,1,0.591416,0,0.595098,columbia_transfer
1802,1,0.242428,0,0.595098,columbia_transfer
1803,1,0.706883,1,0.595098,columbia_transfer
1804,1,0.384463,0,0.595098,columbia_transfer
1805,1,0.904294,1,0.595098,columbia_transfer
1806,1,0.785308,1,0.595098,columbia_transfer
1807,1,0.431985,0,0.595098,columbia_transfer
1808,1,0.806888,1,0.595098,columbia_transfer
1809,1,0.489015,0,0.595098,columbia_transfer
1810,1,0.71221,1,0.595098,columbia_transfer
1811,1,0.917817,1,0.595098,columbia_transfer
1812,1,0.808019,1,0.595098,columbia_transfer
1813,1,0.918236,1,0.595098,columbia_transfer
1814,1,0.454376,0,0.595098,columbia_transfer
1815,1,0.78624,1,0.595098,columbia_transfer
1816,1,0.741675,1,0.595098,columbia_transfer
1817,1,0.688822,1,0.595098,columbia_transfer
1818,1,0.564221,0,0.595098,columbia_transfer
1819,1,0.777128,1,0.595098,columbia_transfer
1820,1,0.425755,0,0.595098,columbia_transfer
1821,1,0.226627,0,0.595098,columbia_transfer
1822,1,0.865857,1,0.595098,columbia_transfer
1823,1,0.705501,1,0.595098,columbia_transfer
1824,1,0.836791,1,0.595098,columbia_transfer
1825,1,0.646528,1,0.595098,columbia_transfer
1826,1,0.661536,1,0.595098,columbia_transfer
1827,1,0.730245,1,0.595098,columbia_transfer
1828,1,0.886082,1,0.595098,columbia_transfer
1829,1,0.747505,1,0.595098,columbia_transfer
1830,1,0.838602,1,0.595098,columbia_transfer
1831,1,0.458436,0,0.595098,columbia_transfer
1832,1,0.194778,0,0.595098,columbia_transfer
1833,1,0.748789,1,0.595098,columbia_transfer
1834,1,0.824411,1,0.595098,columbia_transfer
1835,1,0.907846,1,0.595098,columbia_transfer
1836,1,0.894904,1,0.595098,columbia_transfer
1837,1,0.966837,1,0.595098,columbia_transfer
1838,1,0.868123,1,0.595098,columbia_transfer
1839,1,0.826955,1,0.595098,columbia_transfer
1840,1,0.580402,0,0.595098,columbia_transfer
1841,1,0.407552,0,0.595098,columbia_transfer
1842,1,0.775479,1,0.595098,columbia_transfer
1843,1,0.292188,0,0.595098,columbia_transfer
1844,1,0.818555,1,0.595098,columbia_transfer
